title,topic,url,total_feedback_check,EU citizen,Non-EU citizen,Academic/research Institution,Company/business,Business association,Non-governmental organisation (NGO),Other,Trade union,Environmental organisation,Public authority,Consumer organisation,index_ref,Prefer not to answer
Legislation for plants produced by certain new genomic techniquesTopicFood safetyType of actProposal for a regulationFeedback period29 April 2022 - 22 July 2022,Food safety,https://ec.europa.eu/info/law/better-regulation/have-your-say/initiatives/13119-Legislation-for-plants-produced-by-certain-new-genomic-techniques/feedback_en?p_id=15091,70894.0,68183,2249.0,113.0,110.0,80.0,67.0,43.0,12.0,9.0,8.0,5.0,0.0,0.0
Evaluation of the legislative framework for tobacco controlTopicPublic healthType of actEvaluationFeedback period21 February 2023 - 16 May 2023,Public health,https://ec.europa.eu/info/law/better-regulation/have-your-say/initiatives/13481-Evaluation-of-the-legislative-framework-for-tobacco-control/feedback_en?p_id=15956,24359.0,22742,362.0,42.0,731.0,95.0,66.0,239.0,12.0,1.0,22.0,47.0,0.0,0.0
Trade in seal products – fitness check of EU rulesTopicEnvironmentFeedback period15 May 2024 - 07 August 2024,Environment,https://ec.europa.eu/info/law/better-regulation/have-your-say/initiatives/14031-Trade-in-seal-products-fitness-check-of-EU-rules/feedback_en?p_id=18267,14146.0,13679,183.0,13.0,29.0,18.0,45.0,140.0,0.0,19.0,17.0,3.0,0.0,0.0
EU pollinators initiative – revisionTopicEnvironmentType of actCommunicationFeedback period17 March 2022 - 09 June 2022,Environment,https://ec.europa.eu/info/law/better-regulation/have-your-say/initiatives/13142-EU-pollinators-initiative-revision/feedback_en?p_id=15730,0.0,7164,64.0,9.0,41.0,11.0,15.0,48.0,0.0,25.0,8.0,3.0,3.0,0.0
Hazardous chemicals – prohibiting production for export of chemicals banned in the European UnionTopicEnvironmentType of actProposal for a regulationFeedback period08 May 2023 - 31 July 2023,Environment,https://ec.europa.eu/info/law/better-regulation/have-your-say/initiatives/13750-Hazardous-chemicals-prohibiting-production-for-export-of-chemicals-banned-in-the-European-Union/feedback_en?p_id=16982,0.0,2478,48.0,5.0,27.0,22.0,43.0,19.0,2.0,12.0,9.0,3.0,4.0,0.0
Revision of the Directive on Driving LicencesTopicTransportType of actProposal for a directiveFeedback period25 February 2022 - 20 May 2022,Transport,https://ec.europa.eu/info/law/better-regulation/have-your-say/initiatives/12978-Revision-of-the-Directive-on-Driving-Licences/feedback_en?p_id=14480,0.0,2071,36.0,2.0,26.0,18.0,13.0,27.0,3.0,0.0,5.0,10.0,5.0,0.0
EU LGBTIQ equality strategy for 2026-2030TopicJustice and fundamental rightsType of actCommunicationFeedback period01 April 2025 - 24 June 2025,Justice and fundamental rights,https://ec.europa.eu/info/law/better-regulation/have-your-say/initiatives/14551-EU-LGBTIQ-equality-strategy-for-2026-2030/feedback_en?p_id=19405,0.0,1494,37.0,9.0,2.0,2.0,75.0,27.0,5.0,0.0,4.0,1.0,6.0,0.0
"European Democracy ShieldTopicHome affairs, Justice and fundamental rightsType of actCommunicationFeedback period31 March 2025 - 26 May 2025","Home affairs, Justice and fundamental rights",https://ec.europa.eu/info/law/better-regulation/have-your-say/initiatives/14587-European-Democracy-Shield/feedback_en?p_id=19397,0.0,1398,9.0,14.0,10.0,14.0,94.0,22.0,2.0,3.0,4.0,1.0,7.0,0.0
Safeguarding media freedom in the EU – new rulesTopicSingle marketType of actProposal for a regulationFeedback period10 January 2022 - 25 March 2022,Single market,https://ec.europa.eu/info/law/better-regulation/have-your-say/initiatives/13206-Safeguarding-media-freedom-in-the-EU-new-rules/feedback_en?p_id=15456,0.0,1386,13.0,5.0,8.0,12.0,20.0,17.0,4.0,0.0,4.0,1.0,8.0,0.0
"Uniform rounding rules for cash payments in euro – assessmentTopicEconomy, finance and the euroType of actActFeedback period28 September 2020 - 11 January 2021","Economy, finance and the euro",https://ec.europa.eu/info/law/better-regulation/have-your-say/initiatives/12566-Uniform-rounding-rules-for-cash-payments-in-euro-assessment/feedback_en?p_id=13429,0.0,1439,3.0,2.0,2.0,1.0,0.0,8.0,0.0,0.0,0.0,0.0,9.0,0.0
Defending European democracy – CommunicationTopicJustice and fundamental rightsType of actCommunicationFeedback period16 February 2023 - 14 April 2023,Justice and fundamental rights,https://ec.europa.eu/info/law/better-regulation/have-your-say/initiatives/13730-Defending-European-democracy-Communication/feedback_en?p_id=16754,0.0,1102,15.0,4.0,1.0,4.0,63.0,10.0,0.0,0.0,10.0,0.0,10.0,0.0
Recommendation on civic engagementTopicJustice and fundamental rightsType of actRecommendationFeedback period16 February 2023 - 14 April 2023,Justice and fundamental rights,https://ec.europa.eu/info/law/better-regulation/have-your-say/initiatives/13748-Recommendation-on-civic-engagement/feedback_en?p_id=16754,0.0,1102,15.0,4.0,1.0,4.0,63.0,10.0,0.0,0.0,10.0,0.0,11.0,0.0
Recommendation on covert interference from third countriesTopicHome affairsType of actRecommendationFeedback period16 February 2023 - 14 April 2023,Home affairs,https://ec.europa.eu/info/law/better-regulation/have-your-say/initiatives/13742-Recommendation-on-covert-interference-from-third-countries/feedback_en?p_id=16754,0.0,1102,15.0,4.0,1.0,4.0,63.0,10.0,0.0,0.0,10.0,0.0,12.0,0.0
Recommendation on resilient electoral processes and the 2024 elections to the European ParliamentTopicHome affairsType of actRecommendationFeedback period16 February 2023 - 14 April 2023,Home affairs,https://ec.europa.eu/info/law/better-regulation/have-your-say/initiatives/13726-Recommendation-on-resilient-electoral-processes-and-the-2024-elections-to-the-European-Parliament/feedback_en?p_id=16754,1209.0,1102,15.0,4.0,1.0,4.0,63.0,10.0,0.0,0.0,10.0,0.0,13.0,0.0
Transparency of covert interference by third countriesTopicHome affairsType of actProposal for a regulationFeedback period16 February 2023 - 14 April 2023,Home affairs,https://ec.europa.eu/info/law/better-regulation/have-your-say/initiatives/13744-Transparency-of-covert-interference-by-third-countries/feedback_en?p_id=16754,1209.0,1102,15.0,4.0,1.0,4.0,63.0,10.0,0.0,0.0,10.0,0.0,14.0,0.0
2030 Climate Target PlanTopicClimate actionType of actCommunicationFeedback period31 March 2020 - 23 June 2020,Climate action,https://ec.europa.eu/info/law/better-regulation/have-your-say/initiatives/12265-2030-Climate-Target-Plan/feedback_en?p_id=12894,1093.0,723,49.0,19.0,71.0,101.0,72.0,15.0,0.0,29.0,12.0,2.0,15.0,0.0
Animal welfare – animals kept for economic purposesTopicFood safetyType of actProposal for a regulationFeedback period15 October 2021 - 21 January 2022,Food safety,https://ec.europa.eu/info/law/better-regulation/have-your-say/initiatives/13611-Animal-welfare-animals-kept-for-economic-purposes/feedback_en?p_id=14774,983.0,783,5.0,2.0,24.0,32.0,90.0,24.0,6.0,2.0,10.0,5.0,16.0,0.0
Animal welfare – labelling for foodTopicFood safetyType of actProposal for a regulationFeedback period15 October 2021 - 21 January 2022,Food safety,https://ec.europa.eu/info/law/better-regulation/have-your-say/initiatives/13610-Animal-welfare-labelling-for-food/feedback_en?p_id=14774,983.0,783,5.0,2.0,24.0,32.0,90.0,24.0,6.0,2.0,10.0,5.0,17.0,0.0
Animal welfare – protection of animals at the time of killingTopicFood safetyType of actProposal for a regulationFeedback period15 October 2021 - 21 January 2022,Food safety,https://ec.europa.eu/info/law/better-regulation/have-your-say/initiatives/13612-Animal-welfare-protection-of-animals-at-the-time-of-killing/feedback_en?p_id=14774,983.0,783,5.0,2.0,24.0,32.0,90.0,24.0,6.0,2.0,10.0,5.0,18.0,0.0
Animal welfare – protection of animals during transportTopicFood safetyType of actProposal for a regulationFeedback period15 October 2021 - 21 January 2022,Food safety,https://ec.europa.eu/info/law/better-regulation/have-your-say/initiatives/13613-Animal-welfare-protection-of-animals-during-transport/feedback_en?p_id=14774,983.0,783,5.0,2.0,24.0,32.0,90.0,24.0,6.0,2.0,10.0,5.0,19.0,0.0
Animal welfare – revision of EU legislationTopicFood safetyType of actProposal for a regulationFeedback period15 October 2021 - 21 January 2022,Food safety,https://ec.europa.eu/info/law/better-regulation/have-your-say/initiatives/12950-Animal-welfare-revision-of-EU-legislation/feedback_en?p_id=14774,983.0,783,5.0,2.0,24.0,32.0,90.0,24.0,6.0,2.0,10.0,5.0,20.0,0.0
Public procurement directives – evaluationTopicSingle marketType of actEvaluationFeedback period13 December 2024 - 07 March 2025,Single market,https://ec.europa.eu/info/law/better-regulation/have-your-say/initiatives/14427-Public-procurement-directives-evaluation/feedback_en?p_id=18932,949.0,168,4.0,29.0,156.0,160.0,120.0,96.0,16.0,2.0,196.0,2.0,21.0,0.0
Cross-border family situations - recognition of parenthoodTopicJustice and fundamental rightsType of actProposal for a regulationFeedback period19 May 2021 - 25 August 2021,Justice and fundamental rights,https://ec.europa.eu/info/law/better-regulation/have-your-say/initiatives/12878-Cross-border-family-situations-recognition-of-parenthood/feedback_en?p_id=14440,760.0,705,2.0,3.0,0.0,2.0,27.0,3.0,0.0,0.0,0.0,0.0,22.0,0.0
Renewable energy projects – permit-granting processes & power-purchase agreementsTopicEnergyType of actProposal for a directiveFeedback period18 January 2022 - 12 April 2022,Energy,https://ec.europa.eu/info/law/better-regulation/have-your-say/initiatives/13334-Renewable-energy-projects-permit-granting-processes-power-purchase-agreements/feedback_en?p_id=15522,728.0,568,2.0,1.0,34.0,25.0,19.0,19.0,0.0,50.0,10.0,0.0,23.0,0.0
EU rules on medical devices and in vitro diagnostics – targeted evaluationTopicPublic healthType of actEvaluationFeedback period12 December 2024 - 21 March 2025,Public health,https://ec.europa.eu/info/law/better-regulation/have-your-say/initiatives/14155-EU-rules-on-medical-devices-and-in-vitro-diagnostics-targeted-evaluation/feedback_en?p_id=18928,584.0,119,18.0,61.0,212.0,46.0,27.0,73.0,3.0,0.0,14.0,5.0,24.0,4.0
EU climate target for 2040TopicClimate actionType of actCommunicationFeedback period31 March 2023 - 23 June 2023,Climate action,https://ec.europa.eu/info/law/better-regulation/have-your-say/initiatives/13793-EU-climate-target-for-2040/feedback_en?p_id=16866,579.0,369,4.0,14.0,43.0,55.0,43.0,32.0,2.0,9.0,7.0,1.0,25.0,0.0
Energy efficiency – ecodesign requirements for solid-fuel local space heaters (review)TopicEnergyType of actRegulationFeedback period21 September 2023 - 14 December 2023,Energy,https://ec.europa.eu/info/law/better-regulation/have-your-say/initiatives/13687-Energy-efficiency-ecodesign-requirements-for-solid-fuel-local-space-heaters-review-/feedback_en?p_id=17432,529.0,382,4.0,2.0,78.0,21.0,17.0,8.0,2.0,13.0,1.0,0.0,26.0,0.0
Facilitating healthier food choices – establishing nutrient profilesTopicFood safetyType of actRegulationFeedback period13 December 2021 - 07 March 2022,Food safety,https://ec.europa.eu/info/law/better-regulation/have-your-say/initiatives/12748-Facilitating-healthier-food-choices-establishing-nutrient-profiles/feedback_en?p_id=14009,472.0,129,1.0,16.0,77.0,124.0,54.0,35.0,3.0,3.0,11.0,19.0,27.0,0.0
Food labelling - revision of rules on information provided to consumersTopicFood safetyType of actProposal for a regulationFeedback period13 December 2021 - 07 March 2022,Food safety,https://ec.europa.eu/info/law/better-regulation/have-your-say/initiatives/12749-Food-labelling-revision-of-rules-on-information-provided-to-consumers/feedback_en?p_id=14009,472.0,129,1.0,16.0,77.0,124.0,54.0,35.0,3.0,3.0,11.0,19.0,28.0,0.0
EU solar energy strategyTopicEnergyType of actCommunicationFeedback period18 January 2022 - 12 April 2022,Energy,https://ec.europa.eu/info/law/better-regulation/have-your-say/initiatives/13338-EU-solar-energy-strategy/feedback_en?p_id=15525,447.0,310,8.0,11.0,49.0,18.0,14.0,14.0,2.0,1.0,20.0,0.0,29.0,0.0
"Towards a circular, regenerative and competitive bioeconomyTopicEnvironmentType of actCommunicationFeedback period31 March 2025 - 23 June 2025",Environment,https://ec.europa.eu/info/law/better-regulation/have-your-say/initiatives/14555-Towards-a-circular-regenerative-and-competitive-bioeconomy/feedback_en?p_id=19400,444.0,30,3.0,60.0,79.0,107.0,69.0,62.0,3.0,6.0,24.0,1.0,30.0,0.0
Learning opportunities (learning mobility) abroad in Europe for everyoneTopicEducation and trainingType of actProposal for a recommendationFeedback period08 February 2023 - 03 May 2023,Education and training,https://ec.europa.eu/info/law/better-regulation/have-your-say/initiatives/13563-Learning-opportunities-learning-mobility-abroad-in-Europe-for-everyone/feedback_en?p_id=16720,408.0,170,7.0,101.0,11.0,9.0,28.0,56.0,2.0,0.0,24.0,0.0,31.0,0.0
Europe’s Beating Cancer PlanTopicPublic healthType of actCommunicationFeedback period04 February 2020 - 21 May 2020,Public health,https://ec.europa.eu/info/law/better-regulation/have-your-say/initiatives/12154-Europes-Beating-Cancer-Plan/feedback_en?p_id=12436,384.0,87,8.0,41.0,44.0,27.0,123.0,36.0,5.0,1.0,8.0,4.0,32.0,0.0
EU renewable energy rules – reviewTopicEnergyType of actProposal for a directiveFeedback period17 November 2020 - 09 February 2021,Energy,https://ec.europa.eu/info/law/better-regulation/have-your-say/initiatives/12553-EU-renewable-energy-rules-review/feedback_en?p_id=13401,374.0,42,6.0,6.0,119.0,114.0,45.0,12.0,1.0,14.0,13.0,1.0,33.0,0.0
Strengthened cooperation against vaccine preventable diseasesTopicPublic healthType of actProposal for a recommendationFeedback period21 December 2017 - 15 March 2018,Public health,https://ec.europa.eu/info/law/better-regulation/have-your-say/initiatives/1225-Strengthened-cooperation-against-vaccine-preventable-diseases/feedback_en?p_id=10584,368.0,300,10.0,3.0,4.0,1.0,20.0,14.0,1.0,0.0,0.0,2.0,34.0,0.0
Pesticides – sustainable use (updated EU rules)TopicFood safetyType of actProposal for a regulationFeedback period18 January 2021 - 12 April 2021,Food safety,https://ec.europa.eu/info/law/better-regulation/have-your-say/initiatives/12413-Pesticides-sustainable-use-updated-EU-rules-/feedback_en?p_id=13120,360.0,208,0.0,5.0,24.0,62.0,33.0,17.0,2.0,5.0,2.0,2.0,35.0,0.0
Travel – digitalising travel documents to make travelling easierTopicHome affairsType of actProposal for a regulationFeedback period05 April 2023 - 28 June 2023,Home affairs,https://ec.europa.eu/info/law/better-regulation/have-your-say/initiatives/13514-Travel-digitalising-travel-documents-to-make-travelling-easier/feedback_en?p_id=16235,360.0,330,3.0,0.0,6.0,2.0,5.0,12.0,0.0,0.0,0.0,0.0,36.0,0.0
"Gender Equality Strategy 2026-2030TopicConsumers, Employment and social affairs, Justice and fundamental rightsType of actCommunicationFeedback period19 May 2025 - 11 August 2025","Consumers, Employment and social affairs, Justice and fundamental rights",https://ec.europa.eu/info/law/better-regulation/have-your-say/initiatives/14611-Gender-Equality-Strategy-2026-2030/feedback_en?p_id=19674,347.0,132,2.0,16.0,9.0,7.0,131.0,26.0,13.0,0.0,9.0,1.0,37.0,0.0
Chemicals legislation – revision of REACH Regulation to help achieve a toxic-free environmentTopicEnvironmentType of actProposal for a regulationFeedback period20 January 2022 - 15 April 2022,Environment,https://ec.europa.eu/info/law/better-regulation/have-your-say/initiatives/12959-Chemicals-legislation-revision-of-REACH-Regulation-to-help-achieve-a-toxic-free-environment/feedback_en?p_id=14526,325.0,93,6.0,9.0,54.0,100.0,27.0,12.0,3.0,4.0,14.0,2.0,38.0,0.0
Sustainable consumption of goods – promoting repair and reuseTopicJustice and fundamental rightsType of actProposal for a directiveFeedback period11 January 2022 - 05 April 2022,Justice and fundamental rights,https://ec.europa.eu/info/law/better-regulation/have-your-say/initiatives/13150-Sustainable-consumption-of-goods-promoting-repair-and-reuse/feedback_en?p_id=15491,325.0,209,4.0,3.0,42.0,29.0,21.0,5.0,2.0,3.0,6.0,1.0,39.0,0.0
VAT in the digital ageTopicTaxationType of actProposal for a directiveFeedback period20 January 2022 - 05 May 2022,Taxation,https://ec.europa.eu/info/law/better-regulation/have-your-say/initiatives/13186-VAT-in-the-digital-age/feedback_en?p_id=15535,322.0,277,4.0,1.0,15.0,14.0,1.0,7.0,0.0,0.0,2.0,1.0,40.0,0.0
"Forests - new EU strategyTopicAgriculture and rural development, Climate action, EnvironmentType of actCommunicationFeedback period25 January 2021 - 19 April 2021","Agriculture and rural development, Climate action, Environment",https://ec.europa.eu/info/law/better-regulation/have-your-say/initiatives/12674-Forests-new-EU-strategy/feedback_en?p_id=13735,312.0,125,3.0,31.0,25.0,16.0,57.0,16.0,3.0,16.0,16.0,0.0,41.0,0.0
Collective bargaining agreements for self-employed – scope of application EU competition rulesTopicCompetitionType of actCommunicationFeedback period05 March 2021 - 31 May 2021,Competition,https://ec.europa.eu/info/law/better-regulation/have-your-say/initiatives/12483-Collective-bargaining-agreements-for-self-employed-scope-of-application-EU-competition-rules/feedback_en?p_id=14020,310.0,199,2.0,3.0,16.0,21.0,13.0,14.0,40.0,0.0,2.0,0.0,42.0,0.0
European Critical Raw Materials ActTopicSingle marketType of actProposal for a regulationFeedback period30 September 2022 - 25 November 2022,Single market,https://ec.europa.eu/info/law/better-regulation/have-your-say/initiatives/13597-European-Critical-Raw-Materials-Act/feedback_en?p_id=16313,310.0,54,2.0,21.0,66.0,78.0,49.0,18.0,3.0,5.0,12.0,0.0,43.0,0.0
Revision of EU rules on food contact materialsTopicFood safetyType of actProposal for a regulationFeedback period05 October 2022 - 11 January 2023,Food safety,https://ec.europa.eu/info/law/better-regulation/have-your-say/initiatives/12497-Revision-of-EU-rules-on-food-contact-materials/feedback_en?p_id=13982,302.0,35,3.0,3.0,135.0,68.0,25.0,23.0,0.0,2.0,5.0,3.0,44.0,0.0
Apply AI Strategy – strengthening the AI continentTopicDigital economy and societyType of actCommunicationFeedback period09 April 2025 - 04 June 2025,Digital economy and society,https://ec.europa.eu/info/law/better-regulation/have-your-say/initiatives/14625-Apply-AI-Strategy-strengthening-the-AI-continent/feedback_en?p_id=19463,287.0,33,3.0,29.0,69.0,79.0,30.0,25.0,9.0,0.0,9.0,1.0,45.0,0.0
Upload of software on radio equipmentTopicSingle marketType of actDelegated regulationFeedback period25 May 2020 - 14 September 2020,Single market,https://ec.europa.eu/info/law/better-regulation/have-your-say/initiatives/2042-Upload-of-software-on-radio-equipment/feedback_en?p_id=11538,276.0,226,12.0,3.0,15.0,8.0,6.0,2.0,0.0,0.0,3.0,1.0,46.0,0.0
European disability cardTopicEmployment and social affairsType of actProposal for a directiveFeedback period10 February 2023 - 05 May 2023,Employment and social affairs,https://ec.europa.eu/info/law/better-regulation/have-your-say/initiatives/13517-European-disability-card/feedback_en?p_id=16470,273.0,188,2.0,0.0,8.0,5.0,49.0,10.0,2.0,0.0,7.0,1.0,47.0,0.0
Protecting waters from pollution caused by nitrates from agricultural sources - EvaluationTopicEnvironmentType of actEvaluationFeedback period01 December 2023 - 08 March 2024,Environment,https://ec.europa.eu/info/law/better-regulation/have-your-say/initiatives/14051-Protecting-waters-from-pollution-caused-by-nitrates-from-agricultural-sources-Evaluation/feedback_en?p_id=17659,248.0,112,0.0,8.0,47.0,31.0,14.0,17.0,3.0,6.0,8.0,2.0,48.0,0.0
European Data Union StrategyTopicDigital economy and societyType of actCommunicationFeedback period23 May 2025 - 20 July 2025,Digital economy and society,https://ec.europa.eu/info/law/better-regulation/have-your-say/initiatives/14541-European-Data-Union-Strategy/feedback_en?p_id=19708,247.0,25,4.0,31.0,39.0,67.0,32.0,29.0,3.0,0.0,17.0,0.0,49.0,0.0
Sustainable and Smart Mobility StrategyTopicTransportType of actCommunicationFeedback period01 July 2020 - 23 September 2020,Transport,https://ec.europa.eu/info/law/better-regulation/have-your-say/initiatives/12438-Sustainable-and-Smart-Mobility-Strategy/feedback_en?p_id=13249,246.0,35,1.0,5.0,72.0,69.0,24.0,13.0,3.0,4.0,17.0,3.0,50.0,0.0
Energy efficiency – Revision of the Energy Performance of Buildings DirectiveTopicEnergyType of actProposal for a directiveFeedback period30 March 2021 - 22 June 2021,Energy,https://ec.europa.eu/info/law/better-regulation/have-your-say/initiatives/12910-Energy-efficiency-Revision-of-the-Energy-Performance-of-Buildings-Directive/feedback_en?p_id=14213,243.0,9,1.0,4.0,62.0,90.0,44.0,14.0,1.0,3.0,12.0,3.0,51.0,0.0
Pharmaceuticals – safe and affordable medicines (new EU strategy)TopicPublic healthType of actCommunicationFeedback period16 June 2020 - 15 September 2020,Public health,https://ec.europa.eu/info/law/better-regulation/have-your-say/initiatives/12421-Pharmaceuticals-safe-and-affordable-medicines-new-EU-strategy-/feedback_en?p_id=13130,242.0,18,1.0,17.0,52.0,46.0,62.0,24.0,1.0,0.0,17.0,2.0,52.0,0.0
Certification of carbon removals – EU rulesTopicClimate actionType of actProposal for a regulationFeedback period07 February 2022 - 02 May 2022,Climate action,https://ec.europa.eu/info/law/better-regulation/have-your-say/initiatives/13172-Certification-of-carbon-removals-EU-rules/feedback_en?p_id=15602,231.0,41,1.0,11.0,66.0,46.0,42.0,14.0,2.0,5.0,2.0,0.0,53.0,0.0
Sustainable EU food system –new initiativeTopicFood safetyType of actProposal for a regulationFeedback period28 April 2022 - 21 July 2022,Food safety,https://ec.europa.eu/info/law/better-regulation/have-your-say/initiatives/13174-Sustainable-EU-food-system-new-initiative/feedback_en?p_id=15097,230.0,39,1.0,8.0,32.0,70.0,49.0,12.0,1.0,8.0,8.0,2.0,54.0,0.0
EU strategy for sustainable textilesTopicEnvironmentType of actCommunicationFeedback period12 May 2021 - 04 August 2021,Environment,https://ec.europa.eu/info/law/better-regulation/have-your-say/initiatives/12822-EU-strategy-for-sustainable-textiles/feedback_en?p_id=14017,229.0,26,2.0,20.0,51.0,47.0,49.0,11.0,2.0,8.0,13.0,0.0,55.0,0.0
Healthy soils – new EU soil strategyTopicEnvironmentType of actCommunicationFeedback period02 February 2021 - 27 April 2021,Environment,https://ec.europa.eu/info/law/better-regulation/have-your-say/initiatives/12634-Healthy-soils-new-EU-soil-strategy/feedback_en?p_id=13756,228.0,63,0.0,35.0,30.0,27.0,20.0,16.0,2.0,13.0,22.0,0.0,56.0,0.0
New product priorities for Ecodesign for Sustainable ProductsTopicEnvironmentType of actCommunicationFeedback period31 January 2023 - 12 May 2023,Environment,https://ec.europa.eu/info/law/better-regulation/have-your-say/initiatives/13682-New-product-priorities-for-Ecodesign-for-Sustainable-Products/feedback_en?p_id=16700,227.0,44,1.0,5.0,56.0,96.0,12.0,6.0,2.0,2.0,3.0,0.0,57.0,0.0
Commercial vehicles – weights and dimensions (evaluation)TopicTransportType of actProposal for a directiveFeedback period26 April 2022 - 19 July 2022,Transport,https://ec.europa.eu/info/law/better-regulation/have-your-say/initiatives/13278-Commercial-vehicles-weights-and-dimensions-evaluation-/feedback_en?p_id=15545,224.0,28,1.0,2.0,88.0,84.0,5.0,4.0,3.0,0.0,7.0,2.0,58.0,0.0
"EU Green Deal (carbon border adjustment mechanism)TopicClimate action, Customs, Taxation, TradeType of actProposal for a regulationFeedback period22 July 2020 - 28 October 2020","Climate action, Customs, Taxation, Trade",https://ec.europa.eu/info/law/better-regulation/have-your-say/initiatives/12228-EU-Green-Deal-carbon-border-adjustment-mechanism-/feedback_en?p_id=12842,224.0,19,2.0,11.0,62.0,91.0,20.0,5.0,6.0,3.0,4.0,1.0,59.0,0.0
Vehicle safety – revising the EU’s roadworthiness packageTopicTransportType of actProposal for a directiveFeedback period06 July 2022 - 28 September 2022,Transport,https://ec.europa.eu/info/law/better-regulation/have-your-say/initiatives/13132-Vehicle-safety-revising-the-EUs-roadworthiness-package/feedback_en?p_id=15132,217.0,171,3.0,1.0,7.0,10.0,6.0,9.0,0.0,0.0,2.0,4.0,60.0,0.0
Anti-racism StrategyTopicJustice and fundamental rightsType of actCommunicationFeedback period15 April 2025 - 08 July 2025,Justice and fundamental rights,https://ec.europa.eu/info/law/better-regulation/have-your-say/initiatives/14552-Anti-racism-Strategy/feedback_en?p_id=19524,207.0,78,7.0,4.0,0.0,2.0,81.0,17.0,3.0,0.0,8.0,1.0,61.0,0.0
"Industrial carbon management – carbon capture, utilisation and storage deploymentTopicEnergyType of actCommunicationFeedback period08 June 2023 - 31 August 2023",Energy,https://ec.europa.eu/info/law/better-regulation/have-your-say/initiatives/13848-Industrial-carbon-management-carbon-capture-utilisation-and-storage-deployment/feedback_en?p_id=17029,205.0,21,3.0,6.0,83.0,48.0,21.0,13.0,1.0,4.0,5.0,0.0,62.0,0.0
Deforestation and forest degradation – stepping up EU actionTopicEnvironmentFeedback period14 January 2019 - 25 February 2019,Environment,https://ec.europa.eu/info/law/better-regulation/have-your-say/initiatives/2027-Deforestation-and-forest-degradation-stepping-up-EU-action/feedback_en?p_id=11445,202.0,114,19.0,4.0,5.0,12.0,30.0,8.0,0.0,8.0,2.0,0.0,63.0,0.0
Environmental impact of waste management – revision of EU waste frameworkTopicEnvironmentType of actProposal for a directiveFeedback period24 May 2022 - 24 August 2022,Environment,https://ec.europa.eu/info/law/better-regulation/have-your-say/initiatives/13225-Environmental-impact-of-waste-management-revision-of-EU-waste-framework/feedback_en?p_id=15560,198.0,19,1.0,1.0,58.0,70.0,31.0,5.0,2.0,5.0,6.0,0.0,64.0,0.0
Rural development – long-term vision for rural areasTopicAgriculture and rural developmentType of actCommunicationFeedback period07 September 2020 - 30 November 2020,Agriculture and rural development,https://ec.europa.eu/info/law/better-regulation/have-your-say/initiatives/12525-Rural-development-long-term-vision-for-rural-areas/feedback_en?p_id=13334,198.0,45,1.0,9.0,11.0,18.0,50.0,27.0,1.0,4.0,32.0,0.0,65.0,0.0
Erasmus+ 2021-27 interim evaluation & Erasmus+ 2014-20 final evaluationTopicEducation and trainingType of actReportFeedback period15 September 2023 - 08 December 2023,Education and training,https://ec.europa.eu/info/law/better-regulation/have-your-say/initiatives/13454-Erasmus%2B-2021-27-interim-evaluation-Erasmus%2B-2014-20-final-evaluation/feedback_en?p_id=16141,195.0,40,10.0,52.0,9.0,1.0,36.0,31.0,1.0,1.0,13.0,1.0,66.0,0.0
Payment services – review of EU rulesTopicBanking and financial servicesType of actReportFeedback period10 May 2022 - 02 August 2022,Banking and financial services,https://ec.europa.eu/info/law/better-regulation/have-your-say/initiatives/13331-Payment-services-review-of-EU-rules/feedback_en?p_id=15917,195.0,152,18.0,0.0,9.0,12.0,0.0,3.0,0.0,0.0,0.0,1.0,67.0,0.0
Environmental performance of products & businesses – substantiating claimsTopicEnvironmentType of actProposal for a directiveFeedback period27 August 2020 - 03 December 2020,Environment,https://ec.europa.eu/info/law/better-regulation/have-your-say/initiatives/12511-Environmental-performance-of-products-businesses-substantiating-claims/feedback_en?p_id=13326,193.0,19,2.0,9.0,45.0,76.0,17.0,10.0,2.0,2.0,8.0,3.0,68.0,0.0
Sustainable products initiativeTopicEnvironmentType of actProposal for a regulationFeedback period17 March 2021 - 09 June 2021,Environment,https://ec.europa.eu/info/law/better-regulation/have-your-say/initiatives/12567-Sustainable-products-initiative/feedback_en?p_id=13512,193.0,7,2.0,4.0,52.0,90.0,18.0,4.0,3.0,1.0,10.0,2.0,69.0,0.0
EU energy efficiency directive (EED) – evaluation and reviewTopicEnergyType of actProposal for a directiveFeedback period17 November 2020 - 09 February 2021,Energy,https://ec.europa.eu/info/law/better-regulation/have-your-say/initiatives/12552-EU-energy-efficiency-directive-EED-evaluation-and-review/feedback_en?p_id=13400,189.0,13,1.0,6.0,49.0,74.0,23.0,5.0,2.0,4.0,10.0,2.0,70.0,0.0
"Soil health – protecting, sustainably managing and restoring EU soilsTopicEnvironmentType of actProposal for a directiveFeedback period01 August 2022 - 24 October 2022",Environment,https://ec.europa.eu/info/law/better-regulation/have-your-say/initiatives/13350-Soil-health-protecting-sustainably-managing-and-restoring-EU-soils/feedback_en?p_id=15636,189.0,42,2.0,11.0,33.0,37.0,35.0,15.0,1.0,5.0,8.0,0.0,71.0,0.0
Energy efficiency in buildings – consultation on ‘renovation wave’ initiativeTopicEnergyType of actCommunicationFeedback period11 June 2020 - 09 July 2020,Energy,https://ec.europa.eu/info/law/better-regulation/have-your-say/initiatives/12376-Energy-efficiency-in-buildings-consultation-on-renovation-wave-initiative/feedback_en?p_id=13055,187.0,6,0.0,4.0,40.0,73.0,22.0,14.0,4.0,4.0,19.0,1.0,72.0,0.0
Microplastics pollution – measures to reduce its impact on the environmentTopicEnvironmentType of actProposal for a regulationFeedback period22 February 2022 - 17 May 2022,Environment,https://ec.europa.eu/info/law/better-regulation/have-your-say/initiatives/12823-Microplastics-pollution-measures-to-reduce-its-impact-on-the-environment/feedback_en?p_id=15312,186.0,41,6.0,14.0,29.0,35.0,33.0,10.0,1.0,7.0,9.0,1.0,73.0,0.0
"Revision of EU legislation on hazard classification, labelling and packaging of chemicalsTopicEnvironmentType of actProposal for a regulationFeedback period09 August 2021 - 15 November 2021",Environment,https://ec.europa.eu/info/law/better-regulation/have-your-say/initiatives/12975-Revision-of-EU-legislation-on-hazard-classification-labelling-and-packaging-of-chemicals/feedback_en?p_id=14533,182.0,21,0.0,8.0,30.0,77.0,21.0,6.0,3.0,2.0,13.0,1.0,74.0,0.0
"EU Green Deal – Revision of the Energy Taxation DirectiveTopicClimate action, Energy, TaxationType of actProposal for a directiveFeedback period22 July 2020 - 14 October 2020","Climate action, Energy, Taxation",https://ec.europa.eu/info/law/better-regulation/have-your-say/initiatives/12227-EU-Green-Deal-Revision-of-the-Energy-Taxation-Directive/feedback_en?p_id=12843,180.0,2,0.0,1.0,54.0,94.0,15.0,7.0,1.0,2.0,4.0,0.0,75.0,0.0
Digital product passport – rules for service providersTopicSingle marketType of actDelegated decisionFeedback period08 April 2025 - 01 July 2025,Single market,https://ec.europa.eu/info/law/better-regulation/have-your-say/initiatives/14382-Digital-product-passport-rules-for-service-providers/feedback_en?p_id=18839,178.0,10,3.0,10.0,86.0,46.0,9.0,7.0,2.0,1.0,3.0,1.0,76.0,0.0
Global health – new EU strategyTopicPublic healthType of actCommunicationFeedback period27 June 2022 - 19 September 2022,Public health,https://ec.europa.eu/info/law/better-regulation/have-your-say/initiatives/13506-Global-health-new-EU-strategy/feedback_en?p_id=16040,176.0,124,3.0,2.0,2.0,4.0,31.0,9.0,0.0,1.0,0.0,0.0,77.0,0.0
Revision of the EU general pharmaceuticals legislationTopicPublic healthType of actProposal for a regulationFeedback period28 September 2021 - 21 December 2021,Public health,https://ec.europa.eu/info/law/better-regulation/have-your-say/initiatives/12963-Revision-of-the-EU-general-pharmaceuticals-legislation/feedback_en?p_id=14390,173.0,9,1.0,5.0,45.0,39.0,44.0,16.0,2.0,1.0,10.0,1.0,78.0,0.0
Adapting to climate change – EU strategyTopicClimate actionType of actCommunicationFeedback period14 May 2020 - 20 August 2020,Climate action,https://ec.europa.eu/info/law/better-regulation/have-your-say/initiatives/12381-Adapting-to-climate-change-EU-strategy/feedback_en?p_id=13066,172.0,108,0.0,7.0,15.0,15.0,13.0,3.0,5.0,3.0,2.0,0.0,79.0,0.0
Animal welfare – evaluation of EU rules (fitness check)TopicFood safetyType of actStaff working documentFeedback period15 October 2021 - 21 January 2022,Food safety,https://ec.europa.eu/info/law/better-regulation/have-your-say/initiatives/12400-Animal-welfare-evaluation-of-EU-rules-fitness-check-/feedback_en?p_id=13100,172.0,56,2.0,1.0,15.0,14.0,64.0,13.0,3.0,1.0,3.0,0.0,80.0,0.0
Intellectual property – new framework for standard-essential patentsTopicSingle marketType of actProposal for a regulationFeedback period14 February 2022 - 09 May 2022,Single market,https://ec.europa.eu/info/law/better-regulation/have-your-say/initiatives/13109-Intellectual-property-new-framework-for-standard-essential-patents/feedback_en?p_id=15629,157.0,38,4.0,9.0,19.0,11.0,6.0,7.0,1.0,0.0,1.0,0.0,81.0,0.0
Agricultural products – revision of EU marketing standardsTopicAgriculture and rural developmentType of actProposal for a directiveFeedback period08 June 2021 - 31 August 2021,Agriculture and rural development,https://ec.europa.eu/info/law/better-regulation/have-your-say/initiatives/12772-Agricultural-products-revision-of-EU-marketing-standards/feedback_en?p_id=14082,156.0,14,0.0,1.0,36.0,56.0,17.0,11.0,4.0,0.0,16.0,0.0,82.0,0.0
Cosmetic Products Regulation – evaluationTopicSingle marketType of actEvaluationFeedback period05 May 2025 - 28 July 2025,Single market,https://ec.europa.eu/info/law/better-regulation/have-your-say/initiatives/14433-Cosmetic-Products-Regulation-evaluation/feedback_en?p_id=19201,155.0,30,5.0,3.0,40.0,36.0,12.0,9.0,2.0,1.0,13.0,4.0,83.0,0.0
Industrial emissions – EU rules updatedTopicEnvironmentType of actProposal for a directiveFeedback period22 December 2020 - 23 March 2021,Environment,https://ec.europa.eu/info/law/better-regulation/have-your-say/initiatives/12306-Industrial-emissions-EU-rules-updated/feedback_en?p_id=12938,155.0,2,0.0,1.0,28.0,78.0,29.0,3.0,1.0,5.0,7.0,0.0,84.0,0.0
"Access to vehicle data, functions and resourcesTopicSingle marketType of actProposal for a regulationFeedback period29 March 2022 - 02 August 2022",Single market,https://ec.europa.eu/info/law/better-regulation/have-your-say/initiatives/13180-Access-to-vehicle-data-functions-and-resources/feedback_en?p_id=15781,154.0,86,0.0,1.0,26.0,17.0,8.0,7.0,2.0,0.0,4.0,3.0,85.0,0.0
European Health Emergency Preparedness and Response Authority (HERA)TopicPublic healthType of actImplementing decisionFeedback period31 March 2021 - 12 May 2021,Public health,https://ec.europa.eu/info/law/better-regulation/have-your-say/initiatives/12870-European-Health-Emergency-Preparedness-and-Response-Authority-HERA-/feedback_en?p_id=14129,154.0,55,1.0,14.0,19.0,14.0,26.0,9.0,0.0,0.0,15.0,0.0,86.0,0.0
Digital health data and services – the European health data spaceTopicPublic healthType of actProposal for a regulationFeedback period03 May 2021 - 26 July 2021,Public health,https://ec.europa.eu/info/law/better-regulation/have-your-say/initiatives/12663-Digital-health-data-and-services-the-European-health-data-space/feedback_en?p_id=14010,151.0,11,0.0,19.0,19.0,22.0,38.0,33.0,0.0,0.0,7.0,2.0,87.0,0.0
EU farm and food products – review of policy on promotion inside and outside the EUTopicAgriculture and rural developmentType of actProposal for a regulationFeedback period31 March 2021 - 23 June 2021,Agriculture and rural development,https://ec.europa.eu/info/law/better-regulation/have-your-say/initiatives/12782-EU-farm-and-food-products-review-of-policy-on-promotion-inside-and-outside-the-EU/feedback_en?p_id=14174,151.0,45,0.0,0.0,12.0,42.0,32.0,7.0,2.0,0.0,7.0,2.0,88.0,0.0
Connecting Europe Facility 2014-2020 – evaluationTopicTransportType of actReportFeedback period05 March 2025 - 28 May 2025,Transport,https://ec.europa.eu/info/law/better-regulation/have-your-say/initiatives/14245-Connecting-Europe-Facility-2014-2020-evaluation/feedback_en?p_id=18618,147.0,4,1.0,2.0,28.0,5.0,3.0,6.0,0.0,0.0,98.0,0.0,89.0,0.0
"Measures to further improve the effectiveness of the fight against illegal content onlineTopicMigration and asylum, Digital economy and society, Home affairsType of actProvisional dataFeedback period30 April 2018 - 25 June 2018","Migration and asylum, Digital economy and society, Home affairs",https://ec.europa.eu/info/law/better-regulation/have-your-say/initiatives/1613-Measures-to-further-improve-the-effectiveness-of-the-fight-against-illegal-content-online/feedback_en?p_id=10774,146.0,1,1.0,0.0,15.0,111.0,13.0,2.0,0.0,0.0,2.0,0.0,90.0,0.0
Gas networks - revision of EU rules on market accessTopicEnergyType of actProposal for a regulationFeedback period26 March 2021 - 18 June 2021,Energy,https://ec.europa.eu/info/law/better-regulation/have-your-say/initiatives/12766-Gas-networks-revision-of-EU-rules-on-market-access/feedback_en?p_id=14181,140.0,1,0.0,3.0,59.0,54.0,9.0,8.0,1.0,0.0,4.0,1.0,91.0,0.0
Gas networks – revision of EU rules on market accessTopicEnergyType of actProposal for a directiveFeedback period26 March 2021 - 18 June 2021,Energy,https://ec.europa.eu/info/law/better-regulation/have-your-say/initiatives/12911-Gas-networks-revision-of-EU-rules-on-market-access/feedback_en?p_id=14181,140.0,1,0.0,3.0,59.0,54.0,9.0,8.0,1.0,0.0,4.0,1.0,92.0,0.0
Heat pumps – action plan to accelerate roll-out across the EUTopicEnergyType of actCommunicationFeedback period07 June 2023 - 30 August 2023,Energy,https://ec.europa.eu/info/law/better-regulation/have-your-say/initiatives/13771-Heat-pumps-action-plan-to-accelerate-roll-out-across-the-EU/feedback_en?p_id=16957,137.0,33,1.0,3.0,30.0,41.0,17.0,7.0,1.0,2.0,2.0,0.0,93.0,0.0
Late payments – update of EU rulesTopicSingle marketType of actProposal for a regulationFeedback period20 January 2023 - 17 March 2023,Single market,https://ec.europa.eu/info/law/better-regulation/have-your-say/initiatives/13665-Late-payments-update-of-EU-rules/feedback_en?p_id=16617,137.0,24,1.0,0.0,28.0,42.0,5.0,8.0,3.0,0.0,26.0,0.0,94.0,0.0
Artificial intelligence – ethical and legal requirementsTopicDigital economy and societyType of actProposal for a regulationFeedback period20 February 2020 - 14 June 2020,Digital economy and society,https://ec.europa.eu/info/law/better-regulation/have-your-say/initiatives/12527-Artificial-intelligence-ethical-and-legal-requirements/feedback_en?p_id=13340,133.0,7,0.0,7.0,31.0,54.0,16.0,5.0,4.0,0.0,3.0,4.0,95.0,0.0
Electricity market – reform of the EU’s electricity market designTopicEnergyType of actProposal for a regulationFeedback period23 January 2023 - 13 February 2023,Energy,https://ec.europa.eu/info/law/better-regulation/have-your-say/initiatives/13668-Electricity-market-reform-of-the-EUs-electricity-market-design/feedback_en?p_id=16832,133.0,18,0.0,0.0,41.0,51.0,12.0,5.0,0.0,0.0,3.0,3.0,96.0,0.0
Protecting biodiversity: nature restoration targets under EU biodiversity strategyTopicEnvironmentType of actProposal for a regulationFeedback period11 January 2021 - 05 April 2021,Environment,https://ec.europa.eu/info/law/better-regulation/have-your-say/initiatives/12596-Protecting-biodiversity-nature-restoration-targets-under-EU-biodiversity-strategy/feedback_en?p_id=13742,132.0,25,3.0,5.0,13.0,20.0,44.0,4.0,2.0,13.0,3.0,0.0,97.0,0.0
Reducing carbon emissions – review of emission standards for heavy-duty vehiclesTopicClimate actionType of actProposal for a regulationFeedback period20 December 2021 - 14 March 2022,Climate action,https://ec.europa.eu/info/law/better-regulation/have-your-say/initiatives/13168-Reducing-carbon-emissions-review-of-emission-standards-for-heavy-duty-vehicles/feedback_en?p_id=15454,127.0,10,1.0,0.0,23.0,8.0,8.0,3.0,0.0,0.0,5.0,0.0,98.0,0.0
Organic farming - action plan for the development of EU organic productionTopicAgriculture and rural developmentType of actCommunicationFeedback period04 September 2020 - 27 November 2020,Agriculture and rural development,https://ec.europa.eu/info/law/better-regulation/have-your-say/initiatives/12555-Organic-farming-action-plan-for-the-development-of-EU-organic-production/feedback_en?p_id=13489,124.0,41,1.0,2.0,23.0,28.0,16.0,8.0,2.0,0.0,3.0,0.0,99.0,0.0
State aid - revision of the rules on services of general economic interestTopicCompetitionType of actDecisionFeedback period05 June 2025 - 31 July 2025,Competition,https://ec.europa.eu/info/law/better-regulation/have-your-say/initiatives/14708-State-aid-revision-of-the-rules-on-services-of-general-economic-interest/feedback_en?p_id=19786,122.0,13,1.0,1.0,9.0,35.0,27.0,17.0,3.0,0.0,15.0,1.0,100.0,0.0
EU forests – new EU Framework for Forest Monitoring and Strategic PlansTopicEnvironmentType of actProposal for a regulationFeedback period25 August 2022 - 17 November 2022,Environment,https://ec.europa.eu/info/law/better-regulation/have-your-say/initiatives/13396-EU-forests-new-EU-Framework-for-Forest-Monitoring-and-Strategic-Plans/feedback_en?p_id=15824,117.0,35,0.0,10.0,10.0,13.0,20.0,7.0,1.0,6.0,15.0,0.0,101.0,0.0
Machinery Directive - revisionTopicSingle marketType of actProposal for a regulationFeedback period07 June 2019 - 30 August 2019,Single market,https://ec.europa.eu/info/law/better-regulation/have-your-say/initiatives/2019-Machinery-Directive-revision/feedback_en?p_id=11498,115.0,16,0.0,1.0,48.0,24.0,7.0,5.0,2.0,0.0,8.0,3.0,102.0,0.0
Review: Restriction of the use of hazardous substances in electronicsTopicEnvironmentType of actReportFeedback period10 March 2022 - 16 June 2022,Environment,https://ec.europa.eu/info/law/better-regulation/have-your-say/initiatives/13137-Review-Restriction-of-the-use-of-hazardous-substances-in-electronics/feedback_en?p_id=15628,115.0,3,4.0,0.0,28.0,58.0,3.0,3.0,0.0,1.0,15.0,0.0,103.0,0.0
Offshore renewable energy strategyTopicEnergyType of actCommunicationFeedback period16 July 2020 - 24 September 2020,Energy,https://ec.europa.eu/info/law/better-regulation/have-your-say/initiatives/12517-Offshore-renewable-energy-strategy/feedback_en?p_id=13316,114.0,37,1.0,9.0,29.0,12.0,14.0,5.0,0.0,5.0,2.0,0.0,104.0,0.0
Sustainable corporate governanceTopicJustice and fundamental rightsType of actProposal for a directiveFeedback period26 October 2020 - 08 February 2021,Justice and fundamental rights,https://ec.europa.eu/info/law/better-regulation/have-your-say/initiatives/12548-Sustainable-corporate-governance/feedback_en?p_id=13393,114.0,6,1.0,10.0,15.0,22.0,35.0,13.0,5.0,1.0,4.0,1.0,105.0,0.0
Medicines for children & rare diseases – updated rulesTopicPublic healthType of actProposal for a regulationFeedback period07 May 2021 - 30 July 2021,Public health,https://ec.europa.eu/info/law/better-regulation/have-your-say/initiatives/12767-Medicines-for-children-rare-diseases-updated-rules/feedback_en?p_id=13850,112.0,7,0.0,5.0,30.0,24.0,29.0,9.0,0.0,0.0,8.0,0.0,106.0,0.0
"Towards zero pollution in air, water and soil – EU action planTopicEnvironmentType of actCommunicationFeedback period11 November 2020 - 10 February 2021",Environment,https://ec.europa.eu/info/law/better-regulation/have-your-say/initiatives/12588-Towards-zero-pollution-in-air-water-and-soil-EU-action-plan/feedback_en?p_id=13561,111.0,8,0.0,8.0,16.0,38.0,19.0,7.0,0.0,2.0,11.0,1.0,107.0,0.0
Digital Services Act – deepening the internal market and clarifying responsibilities for digital servicesTopicDigital economy and societyType of actProposal for a regulationFeedback period02 June 2020 - 08 September 2020,Digital economy and society,https://ec.europa.eu/info/law/better-regulation/have-your-say/initiatives/12417-Digital-Services-Act-deepening-the-internal-market-and-clarifying-responsibilities-for-digital-services/feedback_en?p_id=13125,110.0,7,0.0,7.0,29.0,40.0,16.0,3.0,3.0,0.0,4.0,1.0,108.0,0.0
Reducing packaging waste – review of rulesTopicEnvironmentType of actProposal for a regulationFeedback period30 September 2020 - 06 January 2021,Environment,https://ec.europa.eu/info/law/better-regulation/have-your-say/initiatives/12263-Reducing-packaging-waste-review-of-rules/feedback_en?p_id=13178,110.0,3,0.0,0.0,25.0,55.0,12.0,3.0,1.0,4.0,4.0,2.0,109.0,0.0
Cyber resilience act – new cybersecurity rules for digital products and ancillary servicesTopicDigital economy and societyType of actProposal for a regulationFeedback period16 March 2022 - 25 May 2022,Digital economy and society,https://ec.europa.eu/info/law/better-regulation/have-your-say/initiatives/13410-Cyber-resilience-act-new-cybersecurity-rules-for-digital-products-and-ancillary-services/feedback_en?p_id=15724,108.0,32,2.0,3.0,25.0,28.0,4.0,6.0,0.0,0.0,7.0,1.0,110.0,0.0
State aid for environmental protection and energy – revised guidelinesTopicCompetitionType of actCommunicationFeedback period12 November 2020 - 07 January 2021,Competition,https://ec.europa.eu/info/law/better-regulation/have-your-say/initiatives/12616-State-aid-for-environmental-protection-and-energy-revised-guidelines/feedback_en?p_id=13778,108.0,4,0.0,1.0,37.0,49.0,7.0,0.0,0.0,1.0,6.0,2.0,111.0,0.0
Textile labelling rules (revision)TopicSingle marketType of actProposal for a regulationFeedback period19 December 2023 - 15 April 2024,Single market,https://ec.europa.eu/info/law/better-regulation/have-your-say/initiatives/13872-Textile-labelling-rules-revision-/feedback_en?p_id=17324,108.0,7,0.0,1.0,28.0,33.0,26.0,5.0,0.0,2.0,6.0,0.0,112.0,0.0
Data sharing in the EU – common European data spaces (new rules)TopicDigital economy and societyType of actProposal for a regulationFeedback period20 February 2020 - 03 June 2020,Digital economy and society,https://ec.europa.eu/info/law/better-regulation/have-your-say/initiatives/12491-Data-sharing-in-the-EU-common-European-data-spaces-new-rules-/feedback_en?p_id=13256,107.0,2,0.0,7.0,37.0,31.0,11.0,10.0,2.0,0.0,4.0,3.0,113.0,0.0
Polluter Pays Principle – fitness check of its application to the environmentTopicEnvironmentFeedback period12 May 2023 - 04 August 2023,Environment,https://ec.europa.eu/info/law/better-regulation/have-your-say/initiatives/13546-Polluter-Pays-Principle-fitness-check-of-its-application-to-the-environment/feedback_en?p_id=16429,106.0,42,1.0,1.0,8.0,25.0,21.0,2.0,0.0,4.0,2.0,0.0,114.0,0.0
Waste from electrical and electronic equipment – evaluating the EU rulesTopicEnvironmentType of actStaff working documentFeedback period16 June 2023 - 22 September 2023,Environment,https://ec.europa.eu/info/law/better-regulation/have-your-say/initiatives/13420-Waste-from-electrical-and-electronic-equipment-evaluating-the-EU-rules/feedback_en?p_id=16329,106.0,7,0.0,1.0,37.0,29.0,9.0,9.0,0.0,7.0,7.0,0.0,115.0,0.0
Protecting the marine environment – review of EU rulesTopicEnvironmentType of actStaff working documentFeedback period22 July 2021 - 21 October 2021,Environment,https://ec.europa.eu/info/law/better-regulation/have-your-say/initiatives/12898-Protecting-the-marine-environment-review-of-EU-rules/feedback_en?p_id=14428,104.0,67,0.0,5.0,5.0,3.0,18.0,2.0,1.0,3.0,0.0,0.0,116.0,0.0
Digital Europe programme – interim evaluationTopicDigital economy and societyType of actEvaluationFeedback period27 June 2024 - 20 September 2024,Digital economy and society,https://ec.europa.eu/info/law/better-regulation/have-your-say/initiatives/13880-Digital-Europe-programme-interim-evaluation/feedback_en?p_id=18417,103.0,28,1.0,12.0,12.0,14.0,15.0,10.0,1.0,0.0,7.0,3.0,117.0,0.0
Sustainable transport – new urban mobility frameworkTopicTransportType of actCommunicationFeedback period01 July 2021 - 23 September 2021,Transport,https://ec.europa.eu/info/law/better-regulation/have-your-say/initiatives/12916-Sustainable-transport-new-urban-mobility-framework/feedback_en?p_id=14492,103.0,15,1.0,5.0,24.0,17.0,17.0,7.0,3.0,1.0,8.0,5.0,118.0,0.0
National emissions reduction targets (Effort Sharing Regulation) – review based on 2030 climate target planTopicClimate actionType of actProposal for a regulationFeedback period13 November 2020 - 05 February 2021,Climate action,https://ec.europa.eu/info/law/better-regulation/have-your-say/initiatives/12656-National-emissions-reduction-targets-Effort-Sharing-Regulation-review-based-on-2030-climate-target-plan/feedback_en?p_id=13722,101.0,4,1.0,2.0,21.0,40.0,22.0,1.0,0.0,8.0,2.0,0.0,119.0,0.0
Deforestation and forest degradation – reducing the impact of products placed on the EU marketTopicEnvironmentType of actProposal for a regulationFeedback period03 September 2020 - 10 December 2020,Environment,https://ec.europa.eu/info/law/better-regulation/have-your-say/initiatives/12137-Deforestation-and-forest-degradation-reducing-the-impact-of-products-placed-on-the-EU-market/feedback_en?p_id=12444,99.0,21,1.0,6.0,12.0,17.0,32.0,3.0,1.0,1.0,5.0,0.0,120.0,0.0
EU chemicals strategy for sustainability – Cosmetic Products Regulation (revision)TopicSingle marketType of actProposal for a regulationFeedback period29 March 2022 - 21 June 2022,Single market,https://ec.europa.eu/info/law/better-regulation/have-your-say/initiatives/13197-EU-chemicals-strategy-for-sustainability-Cosmetic-Products-Regulation-revision-/feedback_en?p_id=15131,98.0,6,0.0,0.0,34.0,28.0,18.0,3.0,1.0,0.0,6.0,2.0,121.0,0.0
Innovation Fund – evaluation of its operationTopicClimate actionType of actEvaluationFeedback period15 April 2025 - 08 July 2025,Climate action,https://ec.europa.eu/info/law/better-regulation/have-your-say/initiatives/14228-Innovation-Fund-evaluation-of-its-operation/feedback_en?p_id=19518,97.0,5,0.0,1.0,39.0,28.0,11.0,3.0,3.0,1.0,4.0,2.0,122.0,0.0
"Land use, land use change & forestry – review of EU rulesTopicClimate actionType of actProposal for a regulationFeedback period13 November 2020 - 05 February 2021",Climate action,https://ec.europa.eu/info/law/better-regulation/have-your-say/initiatives/12657-Land-use-land-use-change-forestry-review-of-EU-rules/feedback_en?p_id=13723,93.0,8,0.0,7.0,16.0,20.0,25.0,6.0,0.0,9.0,2.0,0.0,123.0,0.0
Data Act & amended rules on the legal protection of databasesTopicDigital economy and societyType of actProposal for a regulationFeedback period03 June 2021 - 03 September 2021,Digital economy and society,https://ec.europa.eu/info/law/better-regulation/have-your-say/initiatives/13045-Data-Act-amended-rules-on-the-legal-protection-of-databases/feedback_en?p_id=14626,91.0,3,1.0,6.0,25.0,43.0,4.0,8.0,0.0,0.0,0.0,1.0,124.0,0.0
Energy security architecture – fitness checkTopicEnergyFeedback period03 September 2024 - 26 November 2024,Energy,https://ec.europa.eu/info/law/better-regulation/have-your-say/initiatives/14392-Energy-security-architecture-fitness-check/feedback_en?p_id=18652,90.0,26,0.0,2.0,18.0,17.0,10.0,8.0,1.0,0.0,2.0,2.0,125.0,0.0
European standardisation – evaluationTopicSingle marketType of actStaff working documentFeedback period02 May 2024 - 25 July 2024,Single market,https://ec.europa.eu/info/law/better-regulation/have-your-say/initiatives/13446-European-standardisation-evaluation/feedback_en?p_id=17385,90.0,10,0.0,2.0,10.0,34.0,12.0,11.0,1.0,1.0,7.0,2.0,126.0,0.0
Violence against women and domestic violence – fitness check of EU legislationTopicJustice and fundamental rightsFeedback period08 February 2021 - 10 May 2021,Justice and fundamental rights,https://ec.europa.eu/info/law/better-regulation/have-your-say/initiatives/12472-Violence-against-women-and-domestic-violence-fitness-check-of-EU-legislation/feedback_en?p_id=13263,90.0,75,1.0,1.0,1.0,0.0,8.0,3.0,0.0,0.0,1.0,0.0,127.0,0.0
Bus and coach drivers – EU rules on driving and rest timesTopicTransportType of actProposal for a regulationFeedback period23 November 2021 - 15 February 2022,Transport,https://ec.europa.eu/info/law/better-regulation/have-your-say/initiatives/12488-Bus-and-coach-drivers-EU-rules-on-driving-and-rest-times/feedback_en?p_id=14106,87.0,40,1.0,0.0,9.0,11.0,0.0,4.0,21.0,0.0,1.0,0.0,128.0,0.0
Common fisheries policy – evaluationTopicMaritime affairs and fisheriesType of actEvaluationFeedback period27 January 2025 - 21 April 2025,Maritime affairs and fisheries,https://ec.europa.eu/info/law/better-regulation/have-your-say/initiatives/14203-Common-fisheries-policy-evaluation/feedback_en?p_id=18380,87.0,8,0.0,2.0,2.0,24.0,24.0,10.0,1.0,2.0,13.0,1.0,129.0,0.0
Low-emission vehicles – improving the EU’s refuelling/recharging infrastructureTopicTransportType of actProposal for a regulationFeedback period06 April 2020 - 29 June 2020,Transport,https://ec.europa.eu/info/law/better-regulation/have-your-say/initiatives/12251-Low-emission-vehicles-improving-the-EUs-refuelling-recharging-infrastructure/feedback_en?p_id=12982,86.0,10,0.0,1.0,24.0,35.0,7.0,2.0,0.0,1.0,3.0,3.0,130.0,0.0
Revision of the Union Customs CodeTopicCustomsType of actProposal for a directiveFeedback period20 July 2022 - 19 September 2022,Customs,https://ec.europa.eu/info/law/better-regulation/have-your-say/initiatives/13316-Revision-of-the-Union-Customs-Code/feedback_en?p_id=16121,86.0,2,0.0,2.0,33.0,39.0,7.0,1.0,0.0,0.0,1.0,1.0,131.0,0.0
Digital Services Act package – ex ante regulatory instrument of very large online platforms acting as gatekeepersTopicDigital economy and societyType of actProposal for a regulationFeedback period02 June 2020 - 08 September 2020,Digital economy and society,https://ec.europa.eu/info/law/better-regulation/have-your-say/initiatives/12418-Digital-Services-Act-package-ex-ante-regulatory-instrument-of-very-large-online-platforms-acting-as-gatekeepers/feedback_en?p_id=13126,85.0,3,0.0,6.0,32.0,20.0,14.0,2.0,2.0,0.0,4.0,2.0,132.0,0.0
Food waste – reduction targetsTopicFood safetyType of actProposal for a directiveFeedback period24 May 2022 - 24 August 2022,Food safety,https://ec.europa.eu/info/law/better-regulation/have-your-say/initiatives/13223-Food-waste-reduction-targets/feedback_en?p_id=15125,85.0,9,0.0,1.0,11.0,27.0,18.0,5.0,1.0,3.0,6.0,4.0,133.0,0.0
"Blood, tissues and cells for medical treatments & therapies – revised EU rulesTopicPublic healthType of actProposal for a regulationFeedback period21 January 2021 - 15 April 2021",Public health,https://ec.europa.eu/info/law/better-regulation/have-your-say/initiatives/12734-Blood-tissues-and-cells-for-medical-treatments-therapies-revised-EU-rules/feedback_en?p_id=13782,82.0,3,0.0,9.0,10.0,8.0,24.0,9.0,0.0,0.0,18.0,0.0,134.0,0.0
Blue bioeconomy – towards a strong and sustainable EU algae sectorTopicMaritime affairs and fisheriesType of actCommunicationFeedback period19 May 2021 - 11 August 2021,Maritime affairs and fisheries,https://ec.europa.eu/info/law/better-regulation/have-your-say/initiatives/12780-Blue-bioeconomy-towards-a-strong-and-sustainable-EU-algae-sector/feedback_en?p_id=13999,82.0,9,1.0,14.0,32.0,10.0,6.0,2.0,2.0,0.0,3.0,0.0,135.0,0.0
Fitness Check of the Water Framework Directive and the Floods DirectiveTopicEnvironmentFeedback period17 September 2018 - 12 March 2019,Environment,https://ec.europa.eu/info/law/better-regulation/have-your-say/initiatives/1155-Fitness-Check-of-the-Water-Framework-Directive-and-the-Floods-Directive/feedback_en?p_id=10511,82.0,13,0.0,0.0,12.0,22.0,14.0,7.0,9.0,0.0,5.0,0.0,136.0,0.0
Food labelling - revision of rules on information provided to consumers for alcoholic beveragesTopicFood safetyType of actProposal for a regulationFeedback period13 December 2021 - 07 March 2022,Food safety,https://ec.europa.eu/info/law/better-regulation/have-your-say/initiatives/13028-Food-labelling-revision-of-rules-on-information-provided-to-consumers-for-alcoholic-beverages/feedback_en?p_id=14726,82.0,13,0.0,2.0,6.0,24.0,29.0,0.0,0.0,2.0,3.0,3.0,137.0,0.0
CO2 emissions from shipping – encouraging the use of low-carbon fuelsTopicTransportType of actProposal for a regulationFeedback period02 July 2020 - 10 September 2020,Transport,https://ec.europa.eu/info/law/better-regulation/have-your-say/initiatives/12312-CO2-emissions-from-shipping-encouraging-the-use-of-low-carbon-fuels/feedback_en?p_id=12951,81.0,6,0.0,3.0,24.0,31.0,9.0,2.0,0.0,1.0,5.0,0.0,138.0,0.0
Climate change – new rules to prevent methane leakage in the energy sectorTopicEnergyType of actProposal for a regulationFeedback period05 February 2021 - 01 May 2021,Energy,https://ec.europa.eu/info/law/better-regulation/have-your-say/initiatives/12581-Climate-change-new-rules-to-prevent-methane-leakage-in-the-energy-sector/feedback_en?p_id=14002,79.0,6,1.0,4.0,27.0,19.0,8.0,5.0,1.0,6.0,2.0,0.0,140.0,0.0
Open finance framework – enabling data sharing and third party access in the financial sectorTopicBanking and financial servicesType of actProposal for a regulationFeedback period10 May 2022 - 02 August 2022,Banking and financial services,https://ec.europa.eu/info/law/better-regulation/have-your-say/initiatives/13241-Open-finance-framework-enabling-data-sharing-and-third-party-access-in-the-financial-sector/feedback_en?p_id=15918,79.0,56,1.0,0.0,3.0,14.0,0.0,3.0,1.0,0.0,0.0,1.0,141.0,0.0
Corporate Sustainability ReportingTopicBanking and financial servicesType of actProposal for a directiveFeedback period20 February 2020 - 11 June 2020,Banking and financial services,https://ec.europa.eu/info/law/better-regulation/have-your-say/initiatives/12129-Corporate-Sustainability-Reporting/feedback_en?p_id=12405,78.0,4,0.0,1.0,15.0,27.0,16.0,10.0,1.0,0.0,4.0,0.0,142.0,0.0
Consumer policy – strengthening the role of consumers in the green transitionTopicConsumersType of actProposal for a directiveFeedback period30 June 2020 - 06 October 2020,Consumers,https://ec.europa.eu/info/law/better-regulation/have-your-say/initiatives/12467-Consumer-policy-strengthening-the-role-of-consumers-in-the-green-transition/feedback_en?p_id=13221,77.0,3,0.0,2.0,17.0,23.0,19.0,3.0,0.0,2.0,5.0,3.0,143.0,0.0
State aid in the aviation sector – Commission guidelines on airports and airlines (revision)TopicCompetitionType of actCommunicationFeedback period11 December 2024 - 05 March 2025,Competition,https://ec.europa.eu/info/law/better-regulation/have-your-say/initiatives/13915-State-aid-in-the-aviation-sector-Commission-guidelines-on-airports-and-airlines-revision-/feedback_en?p_id=18613,77.0,16,0.0,0.0,26.0,12.0,5.0,2.0,1.0,1.0,13.0,1.0,144.0,0.0
"Construction products – review of EU rulesTopicBusiness and industry, Single marketType of actProposal for a regulationFeedback period04 September 2020 - 25 December 2020","Business and industry, Single market",https://ec.europa.eu/info/law/better-regulation/have-your-say/initiatives/12458-Construction-products-review-of-EU-rules/feedback_en?p_id=13198,76.0,1,0.0,1.0,14.0,39.0,4.0,10.0,2.0,1.0,4.0,0.0,145.0,0.0
Fluorinated greenhouse gases – review of EU rules (2015-20)TopicClimate actionType of actProposal for a regulationFeedback period15 September 2020 - 29 December 2020,Climate action,https://ec.europa.eu/info/law/better-regulation/have-your-say/initiatives/12479-Fluorinated-greenhouse-gases-review-of-EU-rules-2015-20-/feedback_en?p_id=13237,76.0,6,0.0,0.0,34.0,16.0,11.0,1.0,0.0,3.0,4.0,0.0,146.0,0.0
Gender equality strategy 2020-2024TopicEmployment and social affairsType of actCommunicationFeedback period08 March 2019 - 31 May 2019,Employment and social affairs,https://ec.europa.eu/info/law/better-regulation/have-your-say/initiatives/12114-Gender-equality-strategy-2020-2024/feedback_en?p_id=12384,74.0,10,1.0,6.0,5.0,6.0,35.0,3.0,3.0,0.0,5.0,0.0,147.0,0.0
"Review of the EU school fruit, vegetables and milk scheme - EU aidTopicAgriculture and rural developmentType of actProposal for a regulationFeedback period05 May 2022 - 28 July 2022",Agriculture and rural development,https://ec.europa.eu/info/law/better-regulation/have-your-say/initiatives/12971-Review-of-the-EU-school-fruit-vegetables-and-milk-scheme-EU-aid/feedback_en?p_id=14741,74.0,20,0.0,1.0,5.0,12.0,24.0,6.0,1.0,0.0,4.0,0.0,148.0,0.0
"Review of the EU school fruit, vegetables and milk schemeTopicAgriculture and rural developmentType of actProposal for a regulationFeedback period05 May 2022 - 28 July 2022",Agriculture and rural development,https://ec.europa.eu/info/law/better-regulation/have-your-say/initiatives/12970-Review-of-the-EU-school-fruit-vegetables-and-milk-scheme/feedback_en?p_id=14741,74.0,20,0.0,1.0,5.0,12.0,24.0,6.0,1.0,0.0,4.0,0.0,149.0,0.0
Trans-European transport network (TEN-T) - revised guidelinesTopicTransportType of actProposal for a regulationFeedback period10 February 2021 - 05 May 2021,Transport,https://ec.europa.eu/info/law/better-regulation/have-your-say/initiatives/12532-Trans-European-transport-network-TEN-T-revised-guidelines/feedback_en?p_id=13839,74.0,2,0.0,0.0,13.0,14.0,15.0,6.0,0.0,5.0,18.0,1.0,150.0,0.0
Single Market – new complementary tool to strengthen competition enforcementTopicCompetitionType of actProposal for a regulationFeedback period03 June 2020 - 08 September 2020,Competition,https://ec.europa.eu/info/law/better-regulation/have-your-say/initiatives/12416-Single-Market-new-complementary-tool-to-strengthen-competition-enforcement/feedback_en?p_id=13124,73.0,5,0.0,6.0,23.0,17.0,9.0,4.0,2.0,0.0,3.0,4.0,151.0,0.0
Tourist services – short-term rental initiativeTopicSingle marketType of actProposal for a regulationFeedback period27 September 2021 - 13 December 2021,Single market,https://ec.europa.eu/info/law/better-regulation/have-your-say/initiatives/13108-Tourist-services-short-term-rental-initiative/feedback_en?p_id=15058,71.0,39,0.0,0.0,7.0,14.0,4.0,2.0,2.0,0.0,1.0,1.0,152.0,0.0
