title,topic,url,total_feedback_check,EU citizen,Non-EU citizen,Academic/research Institution,Company/business,Business association,Non-governmental organisation (NGO),Other,Trade union,Environmental organisation,Public authority,Consumer organisation,index_ref,Prefer not to answer,EU citizen (%),Non-EU citizen (%),Academic/research Institution (%),Company/business (%),Business association (%),Non-governmental organisation (NGO) (%),Other (%),Trade union (%),Environmental organisation (%),Public authority (%),Consumer organisation (%),Prefer not to answer (%)
"Review of the EU school fruit, vegetables and milk scheme - EU aidTopicAgriculture and rural developmentType of actProposal for a regulationFeedback period05 May 2022 - 28 July 2022",Agriculture and rural development,https://ec.europa.eu/info/law/better-regulation/have-your-say/initiatives/12971-Review-of-the-EU-school-fruit-vegetables-and-milk-scheme-EU-aid/feedback_en?p_id=14741,74.0,20,0.0,1.0,5.0,12.0,24.0,6.0,1.0,0.0,4.0,0.0,148.0,0.0,27.027027027027028,0.0,1.3513513513513513,6.756756756756757,16.216216216216218,32.432432432432435,8.108108108108109,1.3513513513513513,0.0,5.405405405405405,0.0,0.0
"Review of the EU school fruit, vegetables and milk schemeTopicAgriculture and rural developmentType of actProposal for a regulationFeedback period05 May 2022 - 28 July 2022",Agriculture and rural development,https://ec.europa.eu/info/law/better-regulation/have-your-say/initiatives/12970-Review-of-the-EU-school-fruit-vegetables-and-milk-scheme/feedback_en?p_id=14741,74.0,20,0.0,1.0,5.0,12.0,24.0,6.0,1.0,0.0,4.0,0.0,149.0,0.0,27.027027027027028,0.0,1.3513513513513513,6.756756756756757,16.216216216216218,32.432432432432435,8.108108108108109,1.3513513513513513,0.0,5.405405405405405,0.0,0.0
Rural development – long-term vision for rural areasTopicAgriculture and rural developmentType of actCommunicationFeedback period07 September 2020 - 30 November 2020,Agriculture and rural development,https://ec.europa.eu/info/law/better-regulation/have-your-say/initiatives/12525-Rural-development-long-term-vision-for-rural-areas/feedback_en?p_id=13334,198.0,45,1.0,9.0,11.0,18.0,50.0,27.0,1.0,4.0,32.0,0.0,65.0,0.0,22.727272727272727,0.5050505050505051,4.545454545454546,5.555555555555555,9.090909090909092,25.252525252525253,13.636363636363635,0.5050505050505051,2.0202020202020203,16.161616161616163,0.0,0.0
Organic farming - action plan for the development of EU organic productionTopicAgriculture and rural developmentType of actCommunicationFeedback period04 September 2020 - 27 November 2020,Agriculture and rural development,https://ec.europa.eu/info/law/better-regulation/have-your-say/initiatives/12555-Organic-farming-action-plan-for-the-development-of-EU-organic-production/feedback_en?p_id=13489,124.0,41,1.0,2.0,23.0,28.0,16.0,8.0,2.0,0.0,3.0,0.0,99.0,0.0,33.064516129032256,0.8064516129032258,1.6129032258064515,18.548387096774192,22.58064516129032,12.903225806451612,6.451612903225806,1.6129032258064515,0.0,2.4193548387096775,0.0,0.0
EU farm and food products – review of policy on promotion inside and outside the EUTopicAgriculture and rural developmentType of actProposal for a regulationFeedback period31 March 2021 - 23 June 2021,Agriculture and rural development,https://ec.europa.eu/info/law/better-regulation/have-your-say/initiatives/12782-EU-farm-and-food-products-review-of-policy-on-promotion-inside-and-outside-the-EU/feedback_en?p_id=14174,151.0,45,0.0,0.0,12.0,42.0,32.0,7.0,2.0,0.0,7.0,2.0,88.0,0.0,29.80132450331126,0.0,0.0,7.9470198675496695,27.81456953642384,21.192052980132452,4.635761589403973,1.3245033112582782,0.0,4.635761589403973,1.3245033112582782,0.0
Agricultural products – revision of EU marketing standardsTopicAgriculture and rural developmentType of actProposal for a directiveFeedback period08 June 2021 - 31 August 2021,Agriculture and rural development,https://ec.europa.eu/info/law/better-regulation/have-your-say/initiatives/12772-Agricultural-products-revision-of-EU-marketing-standards/feedback_en?p_id=14082,156.0,14,0.0,1.0,36.0,56.0,17.0,11.0,4.0,0.0,16.0,0.0,82.0,0.0,8.974358974358974,0.0,0.641025641025641,23.076923076923077,35.8974358974359,10.897435897435898,7.051282051282051,2.564102564102564,0.0,10.256410256410255,0.0,0.0
"Forests - new EU strategyTopicAgriculture and rural development, Climate action, EnvironmentType of actCommunicationFeedback period25 January 2021 - 19 April 2021","Agriculture and rural development, Climate action, Environment",https://ec.europa.eu/info/law/better-regulation/have-your-say/initiatives/12674-Forests-new-EU-strategy/feedback_en?p_id=13735,312.0,125,3.0,31.0,25.0,16.0,57.0,16.0,3.0,16.0,16.0,0.0,41.0,0.0,40.06410256410257,0.9615384615384616,9.935897435897436,8.012820512820513,5.128205128205128,18.269230769230766,5.128205128205128,0.9615384615384616,5.128205128205128,5.128205128205128,0.0,0.0
Payment services – review of EU rulesTopicBanking and financial servicesType of actReportFeedback period10 May 2022 - 02 August 2022,Banking and financial services,https://ec.europa.eu/info/law/better-regulation/have-your-say/initiatives/13331-Payment-services-review-of-EU-rules/feedback_en?p_id=15917,195.0,152,18.0,0.0,9.0,12.0,0.0,3.0,0.0,0.0,0.0,1.0,67.0,0.0,77.94871794871796,9.230769230769232,0.0,4.615384615384616,6.153846153846154,0.0,1.5384615384615385,0.0,0.0,0.0,0.5128205128205128,0.0
Open finance framework – enabling data sharing and third party access in the financial sectorTopicBanking and financial servicesType of actProposal for a regulationFeedback period10 May 2022 - 02 August 2022,Banking and financial services,https://ec.europa.eu/info/law/better-regulation/have-your-say/initiatives/13241-Open-finance-framework-enabling-data-sharing-and-third-party-access-in-the-financial-sector/feedback_en?p_id=15918,79.0,56,1.0,0.0,3.0,14.0,0.0,3.0,1.0,0.0,0.0,1.0,141.0,0.0,70.88607594936708,1.2658227848101267,0.0,3.79746835443038,17.72151898734177,0.0,3.79746835443038,1.2658227848101267,0.0,0.0,1.2658227848101267,0.0
Corporate Sustainability ReportingTopicBanking and financial servicesType of actProposal for a directiveFeedback period20 February 2020 - 11 June 2020,Banking and financial services,https://ec.europa.eu/info/law/better-regulation/have-your-say/initiatives/12129-Corporate-Sustainability-Reporting/feedback_en?p_id=12405,78.0,4,0.0,1.0,15.0,27.0,16.0,10.0,1.0,0.0,4.0,0.0,142.0,0.0,5.128205128205128,0.0,1.282051282051282,19.230769230769234,34.61538461538461,20.51282051282051,12.82051282051282,1.282051282051282,0.0,5.128205128205128,0.0,0.0
"Construction products – review of EU rulesTopicBusiness and industry, Single marketType of actProposal for a regulationFeedback period04 September 2020 - 25 December 2020","Business and industry, Single market",https://ec.europa.eu/info/law/better-regulation/have-your-say/initiatives/12458-Construction-products-review-of-EU-rules/feedback_en?p_id=13198,76.0,1,0.0,1.0,14.0,39.0,4.0,10.0,2.0,1.0,4.0,0.0,145.0,0.0,1.3157894736842104,0.0,1.3157894736842104,18.421052631578945,51.31578947368421,5.263157894736842,13.157894736842104,2.631578947368421,1.3157894736842104,5.263157894736842,0.0,0.0
2030 Climate Target PlanTopicClimate actionType of actCommunicationFeedback period31 March 2020 - 23 June 2020,Climate action,https://ec.europa.eu/info/law/better-regulation/have-your-say/initiatives/12265-2030-Climate-Target-Plan/feedback_en?p_id=12894,1093.0,723,49.0,19.0,71.0,101.0,72.0,15.0,0.0,29.0,12.0,2.0,15.0,0.0,66.14821591948765,4.483074107959744,1.738334858188472,6.495882891125343,9.240622140896615,6.587374199451052,1.3723696248856359,0.0,2.6532479414455628,1.0978956999085088,0.18298261665141813,0.0
Adapting to climate change – EU strategyTopicClimate actionType of actCommunicationFeedback period14 May 2020 - 20 August 2020,Climate action,https://ec.europa.eu/info/law/better-regulation/have-your-say/initiatives/12381-Adapting-to-climate-change-EU-strategy/feedback_en?p_id=13066,172.0,108,0.0,7.0,15.0,15.0,13.0,3.0,5.0,3.0,2.0,0.0,79.0,0.0,62.7906976744186,0.0,4.069767441860465,8.720930232558139,8.720930232558139,7.55813953488372,1.744186046511628,2.9069767441860463,1.744186046511628,1.1627906976744187,0.0,0.0
Fluorinated greenhouse gases – review of EU rules (2015-20)TopicClimate actionType of actProposal for a regulationFeedback period15 September 2020 - 29 December 2020,Climate action,https://ec.europa.eu/info/law/better-regulation/have-your-say/initiatives/12479-Fluorinated-greenhouse-gases-review-of-EU-rules-2015-20-/feedback_en?p_id=13237,76.0,6,0.0,0.0,34.0,16.0,11.0,1.0,0.0,3.0,4.0,0.0,146.0,0.0,7.894736842105263,0.0,0.0,44.73684210526316,21.052631578947366,14.473684210526317,1.3157894736842104,0.0,3.9473684210526314,5.263157894736842,0.0,0.0
"Land use, land use change & forestry – review of EU rulesTopicClimate actionType of actProposal for a regulationFeedback period13 November 2020 - 05 February 2021",Climate action,https://ec.europa.eu/info/law/better-regulation/have-your-say/initiatives/12657-Land-use-land-use-change-forestry-review-of-EU-rules/feedback_en?p_id=13723,93.0,8,0.0,7.0,16.0,20.0,25.0,6.0,0.0,9.0,2.0,0.0,123.0,0.0,8.60215053763441,0.0,7.526881720430108,17.20430107526882,21.50537634408602,26.881720430107524,6.451612903225806,0.0,9.67741935483871,2.1505376344086025,0.0,0.0
Innovation Fund – evaluation of its operationTopicClimate actionType of actEvaluationFeedback period15 April 2025 - 08 July 2025,Climate action,https://ec.europa.eu/info/law/better-regulation/have-your-say/initiatives/14228-Innovation-Fund-evaluation-of-its-operation/feedback_en?p_id=19518,97.0,5,0.0,1.0,39.0,28.0,11.0,3.0,3.0,1.0,4.0,2.0,122.0,0.0,5.154639175257731,0.0,1.0309278350515463,40.20618556701031,28.865979381443296,11.34020618556701,3.0927835051546393,3.0927835051546393,1.0309278350515463,4.123711340206185,2.0618556701030926,0.0
National emissions reduction targets (Effort Sharing Regulation) – review based on 2030 climate target planTopicClimate actionType of actProposal for a regulationFeedback period13 November 2020 - 05 February 2021,Climate action,https://ec.europa.eu/info/law/better-regulation/have-your-say/initiatives/12656-National-emissions-reduction-targets-Effort-Sharing-Regulation-review-based-on-2030-climate-target-plan/feedback_en?p_id=13722,101.0,4,1.0,2.0,21.0,40.0,22.0,1.0,0.0,8.0,2.0,0.0,119.0,0.0,3.9603960396039604,0.9900990099009901,1.9801980198019802,20.792079207920793,39.603960396039604,21.782178217821784,0.9900990099009901,0.0,7.920792079207921,1.9801980198019802,0.0,0.0
Certification of carbon removals – EU rulesTopicClimate actionType of actProposal for a regulationFeedback period07 February 2022 - 02 May 2022,Climate action,https://ec.europa.eu/info/law/better-regulation/have-your-say/initiatives/13172-Certification-of-carbon-removals-EU-rules/feedback_en?p_id=15602,231.0,41,1.0,11.0,66.0,46.0,42.0,14.0,2.0,5.0,2.0,0.0,53.0,0.0,17.74891774891775,0.4329004329004329,4.761904761904762,28.57142857142857,19.913419913419915,18.181818181818183,6.0606060606060606,0.8658008658008658,2.1645021645021645,0.8658008658008658,0.0,0.0
EU climate target for 2040TopicClimate actionType of actCommunicationFeedback period31 March 2023 - 23 June 2023,Climate action,https://ec.europa.eu/info/law/better-regulation/have-your-say/initiatives/13793-EU-climate-target-for-2040/feedback_en?p_id=16866,579.0,369,4.0,14.0,43.0,55.0,43.0,32.0,2.0,9.0,7.0,1.0,25.0,0.0,63.730569948186535,0.690846286701209,2.4179620034542317,7.4265975820379975,9.499136442141623,7.4265975820379975,5.526770293609672,0.3454231433506045,1.5544041450777202,1.2089810017271159,0.17271157167530224,0.0
Reducing carbon emissions – review of emission standards for heavy-duty vehiclesTopicClimate actionType of actProposal for a regulationFeedback period20 December 2021 - 14 March 2022,Climate action,https://ec.europa.eu/info/law/better-regulation/have-your-say/initiatives/13168-Reducing-carbon-emissions-review-of-emission-standards-for-heavy-duty-vehicles/feedback_en?p_id=15454,127.0,10,1.0,0.0,23.0,8.0,8.0,3.0,0.0,0.0,5.0,0.0,98.0,0.0,7.874015748031496,0.7874015748031495,0.0,18.11023622047244,6.299212598425196,6.299212598425196,2.3622047244094486,0.0,0.0,3.937007874015748,0.0,0.0
"EU Green Deal (carbon border adjustment mechanism)TopicClimate action, Customs, Taxation, TradeType of actProposal for a regulationFeedback period22 July 2020 - 28 October 2020","Climate action, Customs, Taxation, Trade",https://ec.europa.eu/info/law/better-regulation/have-your-say/initiatives/12228-EU-Green-Deal-carbon-border-adjustment-mechanism-/feedback_en?p_id=12842,224.0,19,2.0,11.0,62.0,91.0,20.0,5.0,6.0,3.0,4.0,1.0,59.0,0.0,8.482142857142858,0.8928571428571428,4.910714285714286,27.67857142857143,40.625,8.928571428571429,2.232142857142857,2.6785714285714284,1.3392857142857142,1.7857142857142856,0.4464285714285714,0.0
"EU Green Deal – Revision of the Energy Taxation DirectiveTopicClimate action, Energy, TaxationType of actProposal for a directiveFeedback period22 July 2020 - 14 October 2020","Climate action, Energy, Taxation",https://ec.europa.eu/info/law/better-regulation/have-your-say/initiatives/12227-EU-Green-Deal-Revision-of-the-Energy-Taxation-Directive/feedback_en?p_id=12843,180.0,2,0.0,1.0,54.0,94.0,15.0,7.0,1.0,2.0,4.0,0.0,75.0,0.0,1.1111111111111112,0.0,0.5555555555555556,30.0,52.22222222222223,8.333333333333332,3.888888888888889,0.5555555555555556,1.1111111111111112,2.2222222222222223,0.0,0.0
State aid in the aviation sector – Commission guidelines on airports and airlines (revision)TopicCompetitionType of actCommunicationFeedback period11 December 2024 - 05 March 2025,Competition,https://ec.europa.eu/info/law/better-regulation/have-your-say/initiatives/13915-State-aid-in-the-aviation-sector-Commission-guidelines-on-airports-and-airlines-revision-/feedback_en?p_id=18613,77.0,16,0.0,0.0,26.0,12.0,5.0,2.0,1.0,1.0,13.0,1.0,144.0,0.0,20.77922077922078,0.0,0.0,33.76623376623377,15.584415584415584,6.493506493506493,2.5974025974025974,1.2987012987012987,1.2987012987012987,16.883116883116884,1.2987012987012987,0.0
Single Market – new complementary tool to strengthen competition enforcementTopicCompetitionType of actProposal for a regulationFeedback period03 June 2020 - 08 September 2020,Competition,https://ec.europa.eu/info/law/better-regulation/have-your-say/initiatives/12416-Single-Market-new-complementary-tool-to-strengthen-competition-enforcement/feedback_en?p_id=13124,73.0,5,0.0,6.0,23.0,17.0,9.0,4.0,2.0,0.0,3.0,4.0,151.0,0.0,6.8493150684931505,0.0,8.21917808219178,31.506849315068493,23.28767123287671,12.32876712328767,5.47945205479452,2.73972602739726,0.0,4.10958904109589,5.47945205479452,0.0
Collective bargaining agreements for self-employed – scope of application EU competition rulesTopicCompetitionType of actCommunicationFeedback period05 March 2021 - 31 May 2021,Competition,https://ec.europa.eu/info/law/better-regulation/have-your-say/initiatives/12483-Collective-bargaining-agreements-for-self-employed-scope-of-application-EU-competition-rules/feedback_en?p_id=14020,310.0,199,2.0,3.0,16.0,21.0,13.0,14.0,40.0,0.0,2.0,0.0,42.0,0.0,64.19354838709678,0.6451612903225806,0.967741935483871,5.161290322580645,6.774193548387098,4.193548387096775,4.516129032258064,12.903225806451612,0.0,0.6451612903225806,0.0,0.0
State aid - revision of the rules on services of general economic interestTopicCompetitionType of actDecisionFeedback period05 June 2025 - 31 July 2025,Competition,https://ec.europa.eu/info/law/better-regulation/have-your-say/initiatives/14708-State-aid-revision-of-the-rules-on-services-of-general-economic-interest/feedback_en?p_id=19786,122.0,13,1.0,1.0,9.0,35.0,27.0,17.0,3.0,0.0,15.0,1.0,100.0,0.0,10.655737704918032,0.819672131147541,0.819672131147541,7.377049180327869,28.688524590163933,22.131147540983605,13.934426229508196,2.459016393442623,0.0,12.295081967213115,0.819672131147541,0.0
State aid for environmental protection and energy – revised guidelinesTopicCompetitionType of actCommunicationFeedback period12 November 2020 - 07 January 2021,Competition,https://ec.europa.eu/info/law/better-regulation/have-your-say/initiatives/12616-State-aid-for-environmental-protection-and-energy-revised-guidelines/feedback_en?p_id=13778,108.0,4,0.0,1.0,37.0,49.0,7.0,0.0,0.0,1.0,6.0,2.0,111.0,0.0,3.7037037037037033,0.0,0.9259259259259258,34.25925925925926,45.370370370370374,6.481481481481481,0.0,0.0,0.9259259259259258,5.555555555555555,1.8518518518518516,0.0
Consumer policy – strengthening the role of consumers in the green transitionTopicConsumersType of actProposal for a directiveFeedback period30 June 2020 - 06 October 2020,Consumers,https://ec.europa.eu/info/law/better-regulation/have-your-say/initiatives/12467-Consumer-policy-strengthening-the-role-of-consumers-in-the-green-transition/feedback_en?p_id=13221,77.0,3,0.0,2.0,17.0,23.0,19.0,3.0,0.0,2.0,5.0,3.0,143.0,0.0,3.896103896103896,0.0,2.5974025974025974,22.07792207792208,29.87012987012987,24.675324675324674,3.896103896103896,0.0,2.5974025974025974,6.493506493506493,3.896103896103896,0.0
"Gender Equality Strategy 2026-2030TopicConsumers, Employment and social affairs, Justice and fundamental rightsType of actCommunicationFeedback period19 May 2025 - 11 August 2025","Consumers, Employment and social affairs, Justice and fundamental rights",https://ec.europa.eu/info/law/better-regulation/have-your-say/initiatives/14611-Gender-Equality-Strategy-2026-2030/feedback_en?p_id=19674,347.0,132,2.0,16.0,9.0,7.0,131.0,26.0,13.0,0.0,9.0,1.0,37.0,0.0,38.04034582132565,0.5763688760806917,4.610951008645533,2.5936599423631126,2.0172910662824206,37.752161383285305,7.492795389048991,3.7463976945244957,0.0,2.5936599423631126,0.2881844380403458,0.0
Revision of the Union Customs CodeTopicCustomsType of actProposal for a directiveFeedback period20 July 2022 - 19 September 2022,Customs,https://ec.europa.eu/info/law/better-regulation/have-your-say/initiatives/13316-Revision-of-the-Union-Customs-Code/feedback_en?p_id=16121,86.0,2,0.0,2.0,33.0,39.0,7.0,1.0,0.0,0.0,1.0,1.0,131.0,0.0,2.3255813953488373,0.0,2.3255813953488373,38.372093023255815,45.348837209302324,8.13953488372093,1.1627906976744187,0.0,0.0,1.1627906976744187,1.1627906976744187,0.0
Digital Europe programme – interim evaluationTopicDigital economy and societyType of actEvaluationFeedback period27 June 2024 - 20 September 2024,Digital economy and society,https://ec.europa.eu/info/law/better-regulation/have-your-say/initiatives/13880-Digital-Europe-programme-interim-evaluation/feedback_en?p_id=18417,103.0,28,1.0,12.0,12.0,14.0,15.0,10.0,1.0,0.0,7.0,3.0,117.0,0.0,27.184466019417474,0.9708737864077669,11.650485436893204,11.650485436893204,13.592233009708737,14.563106796116504,9.70873786407767,0.9708737864077669,0.0,6.796116504854369,2.912621359223301,0.0
Digital Services Act package – ex ante regulatory instrument of very large online platforms acting as gatekeepersTopicDigital economy and societyType of actProposal for a regulationFeedback period02 June 2020 - 08 September 2020,Digital economy and society,https://ec.europa.eu/info/law/better-regulation/have-your-say/initiatives/12418-Digital-Services-Act-package-ex-ante-regulatory-instrument-of-very-large-online-platforms-acting-as-gatekeepers/feedback_en?p_id=13126,85.0,3,0.0,6.0,32.0,20.0,14.0,2.0,2.0,0.0,4.0,2.0,132.0,0.0,3.5294117647058822,0.0,7.0588235294117645,37.64705882352941,23.52941176470588,16.470588235294116,2.3529411764705883,2.3529411764705883,0.0,4.705882352941177,2.3529411764705883,0.0
Cyber resilience act – new cybersecurity rules for digital products and ancillary servicesTopicDigital economy and societyType of actProposal for a regulationFeedback period16 March 2022 - 25 May 2022,Digital economy and society,https://ec.europa.eu/info/law/better-regulation/have-your-say/initiatives/13410-Cyber-resilience-act-new-cybersecurity-rules-for-digital-products-and-ancillary-services/feedback_en?p_id=15724,108.0,32,2.0,3.0,25.0,28.0,4.0,6.0,0.0,0.0,7.0,1.0,110.0,0.0,29.629629629629626,1.8518518518518516,2.7777777777777777,23.14814814814815,25.925925925925924,3.7037037037037033,5.555555555555555,0.0,0.0,6.481481481481481,0.9259259259259258,0.0
Data sharing in the EU – common European data spaces (new rules)TopicDigital economy and societyType of actProposal for a regulationFeedback period20 February 2020 - 03 June 2020,Digital economy and society,https://ec.europa.eu/info/law/better-regulation/have-your-say/initiatives/12491-Data-sharing-in-the-EU-common-European-data-spaces-new-rules-/feedback_en?p_id=13256,107.0,2,0.0,7.0,37.0,31.0,11.0,10.0,2.0,0.0,4.0,3.0,113.0,0.0,1.8691588785046727,0.0,6.5420560747663545,34.57943925233645,28.971962616822427,10.2803738317757,9.345794392523365,1.8691588785046727,0.0,3.7383177570093453,2.803738317757009,0.0
Digital Services Act – deepening the internal market and clarifying responsibilities for digital servicesTopicDigital economy and societyType of actProposal for a regulationFeedback period02 June 2020 - 08 September 2020,Digital economy and society,https://ec.europa.eu/info/law/better-regulation/have-your-say/initiatives/12417-Digital-Services-Act-deepening-the-internal-market-and-clarifying-responsibilities-for-digital-services/feedback_en?p_id=13125,110.0,7,0.0,7.0,29.0,40.0,16.0,3.0,3.0,0.0,4.0,1.0,108.0,0.0,6.363636363636363,0.0,6.363636363636363,26.36363636363636,36.36363636363637,14.545454545454545,2.727272727272727,2.727272727272727,0.0,3.6363636363636362,0.9090909090909091,0.0
Data Act & amended rules on the legal protection of databasesTopicDigital economy and societyType of actProposal for a regulationFeedback period03 June 2021 - 03 September 2021,Digital economy and society,https://ec.europa.eu/info/law/better-regulation/have-your-say/initiatives/13045-Data-Act-amended-rules-on-the-legal-protection-of-databases/feedback_en?p_id=14626,91.0,3,1.0,6.0,25.0,43.0,4.0,8.0,0.0,0.0,0.0,1.0,124.0,0.0,3.296703296703297,1.098901098901099,6.593406593406594,27.472527472527474,47.25274725274725,4.395604395604396,8.791208791208792,0.0,0.0,0.0,1.098901098901099,0.0
Artificial intelligence – ethical and legal requirementsTopicDigital economy and societyType of actProposal for a regulationFeedback period20 February 2020 - 14 June 2020,Digital economy and society,https://ec.europa.eu/info/law/better-regulation/have-your-say/initiatives/12527-Artificial-intelligence-ethical-and-legal-requirements/feedback_en?p_id=13340,133.0,7,0.0,7.0,31.0,54.0,16.0,5.0,4.0,0.0,3.0,4.0,95.0,0.0,5.263157894736842,0.0,5.263157894736842,23.308270676691727,40.6015037593985,12.030075187969924,3.7593984962406015,3.007518796992481,0.0,2.2556390977443606,3.007518796992481,0.0
European Data Union StrategyTopicDigital economy and societyType of actCommunicationFeedback period23 May 2025 - 20 July 2025,Digital economy and society,https://ec.europa.eu/info/law/better-regulation/have-your-say/initiatives/14541-European-Data-Union-Strategy/feedback_en?p_id=19708,247.0,25,4.0,31.0,39.0,67.0,32.0,29.0,3.0,0.0,17.0,0.0,49.0,0.0,10.121457489878543,1.6194331983805668,12.550607287449392,15.789473684210526,27.125506072874494,12.955465587044534,11.740890688259109,1.214574898785425,0.0,6.882591093117409,0.0,0.0
Apply AI Strategy – strengthening the AI continentTopicDigital economy and societyType of actCommunicationFeedback period09 April 2025 - 04 June 2025,Digital economy and society,https://ec.europa.eu/info/law/better-regulation/have-your-say/initiatives/14625-Apply-AI-Strategy-strengthening-the-AI-continent/feedback_en?p_id=19463,287.0,33,3.0,29.0,69.0,79.0,30.0,25.0,9.0,0.0,9.0,1.0,45.0,0.0,11.498257839721255,1.0452961672473868,10.104529616724738,24.041811846689896,27.526132404181187,10.452961672473867,8.710801393728223,3.1358885017421603,0.0,3.1358885017421603,0.34843205574912894,0.0
"Uniform rounding rules for cash payments in euro – assessmentTopicEconomy, finance and the euroType of actActFeedback period28 September 2020 - 11 January 2021","Economy, finance and the euro",https://ec.europa.eu/info/law/better-regulation/have-your-say/initiatives/12566-Uniform-rounding-rules-for-cash-payments-in-euro-assessment/feedback_en?p_id=13429,1455.0,1439,3.0,2.0,2.0,1.0,0.0,8.0,0.0,0.0,0.0,0.0,9.0,0.0,98.90034364261169,0.2061855670103093,0.13745704467353953,0.13745704467353953,0.06872852233676977,0.0,0.5498281786941581,0.0,0.0,0.0,0.0,0.0
Erasmus+ 2021-27 interim evaluation & Erasmus+ 2014-20 final evaluationTopicEducation and trainingType of actReportFeedback period15 September 2023 - 08 December 2023,Education and training,https://ec.europa.eu/info/law/better-regulation/have-your-say/initiatives/13454-Erasmus%2B-2021-27-interim-evaluation-Erasmus%2B-2014-20-final-evaluation/feedback_en?p_id=16141,195.0,40,10.0,52.0,9.0,1.0,36.0,31.0,1.0,1.0,13.0,1.0,66.0,0.0,20.51282051282051,5.128205128205128,26.666666666666668,4.615384615384616,0.5128205128205128,18.461538461538463,15.897435897435896,0.5128205128205128,0.5128205128205128,6.666666666666667,0.5128205128205128,0.0
Learning opportunities (learning mobility) abroad in Europe for everyoneTopicEducation and trainingType of actProposal for a recommendationFeedback period08 February 2023 - 03 May 2023,Education and training,https://ec.europa.eu/info/law/better-regulation/have-your-say/initiatives/13563-Learning-opportunities-learning-mobility-abroad-in-Europe-for-everyone/feedback_en?p_id=16720,408.0,170,7.0,101.0,11.0,9.0,28.0,56.0,2.0,0.0,24.0,0.0,31.0,0.0,41.66666666666667,1.715686274509804,24.754901960784316,2.696078431372549,2.2058823529411766,6.862745098039216,13.725490196078432,0.49019607843137253,0.0,5.88235294117647,0.0,0.0
European disability cardTopicEmployment and social affairsType of actProposal for a directiveFeedback period10 February 2023 - 05 May 2023,Employment and social affairs,https://ec.europa.eu/info/law/better-regulation/have-your-say/initiatives/13517-European-disability-card/feedback_en?p_id=16470,273.0,188,2.0,0.0,8.0,5.0,49.0,10.0,2.0,0.0,7.0,1.0,47.0,0.0,68.86446886446886,0.7326007326007326,0.0,2.93040293040293,1.8315018315018317,17.94871794871795,3.6630036630036633,0.7326007326007326,0.0,2.564102564102564,0.3663003663003663,0.0
Gender equality strategy 2020-2024TopicEmployment and social affairsType of actCommunicationFeedback period08 March 2019 - 31 May 2019,Employment and social affairs,https://ec.europa.eu/info/law/better-regulation/have-your-say/initiatives/12114-Gender-equality-strategy-2020-2024/feedback_en?p_id=12384,74.0,10,1.0,6.0,5.0,6.0,35.0,3.0,3.0,0.0,5.0,0.0,147.0,0.0,13.513513513513514,1.3513513513513513,8.108108108108109,6.756756756756757,8.108108108108109,47.2972972972973,4.054054054054054,4.054054054054054,0.0,6.756756756756757,0.0,0.0
EU renewable energy rules – reviewTopicEnergyType of actProposal for a directiveFeedback period17 November 2020 - 09 February 2021,Energy,https://ec.europa.eu/info/law/better-regulation/have-your-say/initiatives/12553-EU-renewable-energy-rules-review/feedback_en?p_id=13401,374.0,42,6.0,6.0,119.0,114.0,45.0,12.0,1.0,14.0,13.0,1.0,33.0,0.0,11.229946524064172,1.6042780748663104,1.6042780748663104,31.818181818181817,30.481283422459892,12.032085561497325,3.2085561497326207,0.267379679144385,3.7433155080213902,3.4759358288770055,0.267379679144385,0.0
Offshore renewable energy strategyTopicEnergyType of actCommunicationFeedback period16 July 2020 - 24 September 2020,Energy,https://ec.europa.eu/info/law/better-regulation/have-your-say/initiatives/12517-Offshore-renewable-energy-strategy/feedback_en?p_id=13316,114.0,37,1.0,9.0,29.0,12.0,14.0,5.0,0.0,5.0,2.0,0.0,104.0,0.0,32.45614035087719,0.8771929824561403,7.894736842105263,25.438596491228072,10.526315789473683,12.280701754385964,4.385964912280701,0.0,4.385964912280701,1.7543859649122806,0.0,0.0
Energy security architecture – fitness checkTopicEnergyFeedback period03 September 2024 - 26 November 2024,Energy,https://ec.europa.eu/info/law/better-regulation/have-your-say/initiatives/14392-Energy-security-architecture-fitness-check/feedback_en?p_id=18652,90.0,26,0.0,2.0,18.0,17.0,10.0,8.0,1.0,0.0,2.0,2.0,125.0,0.0,28.888888888888886,0.0,2.2222222222222223,20.0,18.88888888888889,11.11111111111111,8.88888888888889,1.1111111111111112,0.0,2.2222222222222223,2.2222222222222223,0.0
EU solar energy strategyTopicEnergyType of actCommunicationFeedback period18 January 2022 - 12 April 2022,Energy,https://ec.europa.eu/info/law/better-regulation/have-your-say/initiatives/13338-EU-solar-energy-strategy/feedback_en?p_id=15525,447.0,310,8.0,11.0,49.0,18.0,14.0,14.0,2.0,1.0,20.0,0.0,29.0,0.0,69.35123042505593,1.7897091722595078,2.460850111856823,10.961968680089486,4.026845637583892,3.131991051454139,3.131991051454139,0.44742729306487694,0.22371364653243847,4.47427293064877,0.0,0.0
Climate change – new rules to prevent methane leakage in the energy sectorTopicEnergyType of actProposal for a regulationFeedback period05 February 2021 - 01 May 2021,Energy,https://ec.europa.eu/info/law/better-regulation/have-your-say/initiatives/12581-Climate-change-new-rules-to-prevent-methane-leakage-in-the-energy-sector/feedback_en?p_id=14002,79.0,6,1.0,4.0,27.0,19.0,8.0,5.0,1.0,6.0,2.0,0.0,140.0,0.0,7.59493670886076,1.2658227848101267,5.063291139240507,34.177215189873415,24.050632911392405,10.126582278481013,6.329113924050633,1.2658227848101267,7.59493670886076,2.5316455696202533,0.0,0.0
Energy efficiency – ecodesign requirements for solid-fuel local space heaters (review)TopicEnergyType of actRegulationFeedback period21 September 2023 - 14 December 2023,Energy,https://ec.europa.eu/info/law/better-regulation/have-your-say/initiatives/13687-Energy-efficiency-ecodesign-requirements-for-solid-fuel-local-space-heaters-review-/feedback_en?p_id=17432,529.0,382,4.0,2.0,78.0,21.0,17.0,8.0,2.0,13.0,1.0,0.0,26.0,0.0,72.2117202268431,0.7561436672967864,0.3780718336483932,14.744801512287333,3.9697542533081283,3.213610586011342,1.5122873345935728,0.3780718336483932,2.4574669187145557,0.1890359168241966,0.0,0.0
Renewable energy projects – permit-granting processes & power-purchase agreementsTopicEnergyType of actProposal for a directiveFeedback period18 January 2022 - 12 April 2022,Energy,https://ec.europa.eu/info/law/better-regulation/have-your-say/initiatives/13334-Renewable-energy-projects-permit-granting-processes-power-purchase-agreements/feedback_en?p_id=15522,728.0,568,2.0,1.0,34.0,25.0,19.0,19.0,0.0,50.0,10.0,0.0,23.0,0.0,78.02197802197803,0.27472527472527475,0.13736263736263737,4.670329670329671,3.4340659340659343,2.60989010989011,2.60989010989011,0.0,6.868131868131869,1.3736263736263736,0.0,0.0
Heat pumps – action plan to accelerate roll-out across the EUTopicEnergyType of actCommunicationFeedback period07 June 2023 - 30 August 2023,Energy,https://ec.europa.eu/info/law/better-regulation/have-your-say/initiatives/13771-Heat-pumps-action-plan-to-accelerate-roll-out-across-the-EU/feedback_en?p_id=16957,137.0,33,1.0,3.0,30.0,41.0,17.0,7.0,1.0,2.0,2.0,0.0,93.0,0.0,24.087591240875913,0.7299270072992701,2.18978102189781,21.897810218978105,29.927007299270077,12.408759124087592,5.109489051094891,0.7299270072992701,1.4598540145985401,1.4598540145985401,0.0,0.0
"Industrial carbon management – carbon capture, utilisation and storage deploymentTopicEnergyType of actCommunicationFeedback period08 June 2023 - 31 August 2023",Energy,https://ec.europa.eu/info/law/better-regulation/have-your-say/initiatives/13848-Industrial-carbon-management-carbon-capture-utilisation-and-storage-deployment/feedback_en?p_id=17029,205.0,21,3.0,6.0,83.0,48.0,21.0,13.0,1.0,4.0,5.0,0.0,62.0,0.0,10.24390243902439,1.4634146341463417,2.9268292682926833,40.487804878048784,23.414634146341466,10.24390243902439,6.341463414634147,0.4878048780487805,1.951219512195122,2.4390243902439024,0.0,0.0
Electricity market – reform of the EU’s electricity market designTopicEnergyType of actProposal for a regulationFeedback period23 January 2023 - 13 February 2023,Energy,https://ec.europa.eu/info/law/better-regulation/have-your-say/initiatives/13668-Electricity-market-reform-of-the-EUs-electricity-market-design/feedback_en?p_id=16832,133.0,18,0.0,0.0,41.0,51.0,12.0,5.0,0.0,0.0,3.0,3.0,96.0,0.0,13.533834586466165,0.0,0.0,30.82706766917293,38.34586466165413,9.022556390977442,3.7593984962406015,0.0,0.0,2.2556390977443606,2.2556390977443606,0.0
Gas networks - revision of EU rules on market accessTopicEnergyType of actProposal for a regulationFeedback period26 March 2021 - 18 June 2021,Energy,https://ec.europa.eu/info/law/better-regulation/have-your-say/initiatives/12766-Gas-networks-revision-of-EU-rules-on-market-access/feedback_en?p_id=14181,140.0,1,0.0,3.0,59.0,54.0,9.0,8.0,1.0,0.0,4.0,1.0,91.0,0.0,0.7142857142857143,0.0,2.142857142857143,42.142857142857146,38.57142857142858,6.428571428571428,5.714285714285714,0.7142857142857143,0.0,2.857142857142857,0.7142857142857143,0.0
Gas networks – revision of EU rules on market accessTopicEnergyType of actProposal for a directiveFeedback period26 March 2021 - 18 June 2021,Energy,https://ec.europa.eu/info/law/better-regulation/have-your-say/initiatives/12911-Gas-networks-revision-of-EU-rules-on-market-access/feedback_en?p_id=14181,140.0,1,0.0,3.0,59.0,54.0,9.0,8.0,1.0,0.0,4.0,1.0,92.0,0.0,0.7142857142857143,0.0,2.142857142857143,42.142857142857146,38.57142857142858,6.428571428571428,5.714285714285714,0.7142857142857143,0.0,2.857142857142857,0.7142857142857143,0.0
Energy efficiency in buildings – consultation on ‘renovation wave’ initiativeTopicEnergyType of actCommunicationFeedback period11 June 2020 - 09 July 2020,Energy,https://ec.europa.eu/info/law/better-regulation/have-your-say/initiatives/12376-Energy-efficiency-in-buildings-consultation-on-renovation-wave-initiative/feedback_en?p_id=13055,187.0,6,0.0,4.0,40.0,73.0,22.0,14.0,4.0,4.0,19.0,1.0,72.0,0.0,3.2085561497326207,0.0,2.13903743315508,21.390374331550802,39.037433155080215,11.76470588235294,7.4866310160427805,2.13903743315508,2.13903743315508,10.16042780748663,0.53475935828877,0.0
EU energy efficiency directive (EED) – evaluation and reviewTopicEnergyType of actProposal for a directiveFeedback period17 November 2020 - 09 February 2021,Energy,https://ec.europa.eu/info/law/better-regulation/have-your-say/initiatives/12552-EU-energy-efficiency-directive-EED-evaluation-and-review/feedback_en?p_id=13400,189.0,13,1.0,6.0,49.0,74.0,23.0,5.0,2.0,4.0,10.0,2.0,70.0,0.0,6.878306878306878,0.5291005291005291,3.1746031746031744,25.925925925925924,39.15343915343915,12.16931216931217,2.6455026455026456,1.0582010582010581,2.1164021164021163,5.291005291005291,1.0582010582010581,0.0
Energy efficiency – Revision of the Energy Performance of Buildings DirectiveTopicEnergyType of actProposal for a directiveFeedback period30 March 2021 - 22 June 2021,Energy,https://ec.europa.eu/info/law/better-regulation/have-your-say/initiatives/12910-Energy-efficiency-Revision-of-the-Energy-Performance-of-Buildings-Directive/feedback_en?p_id=14213,243.0,9,1.0,4.0,62.0,90.0,44.0,14.0,1.0,3.0,12.0,3.0,51.0,0.0,3.7037037037037033,0.411522633744856,1.646090534979424,25.514403292181072,37.03703703703704,18.106995884773664,5.761316872427984,0.411522633744856,1.2345679012345678,4.938271604938271,1.2345679012345678,0.0
Chemicals legislation – revision of REACH Regulation to help achieve a toxic-free environmentTopicEnvironmentType of actProposal for a regulationFeedback period20 January 2022 - 15 April 2022,Environment,https://ec.europa.eu/info/law/better-regulation/have-your-say/initiatives/12959-Chemicals-legislation-revision-of-REACH-Regulation-to-help-achieve-a-toxic-free-environment/feedback_en?p_id=14526,325.0,93,6.0,9.0,54.0,100.0,27.0,12.0,3.0,4.0,14.0,2.0,38.0,0.0,28.615384615384613,1.8461538461538463,2.769230769230769,16.615384615384617,30.76923076923077,8.307692307692308,3.6923076923076925,0.9230769230769231,1.2307692307692308,4.3076923076923075,0.6153846153846154,0.0
"Towards a circular, regenerative and competitive bioeconomyTopicEnvironmentType of actCommunicationFeedback period31 March 2025 - 23 June 2025",Environment,https://ec.europa.eu/info/law/better-regulation/have-your-say/initiatives/14555-Towards-a-circular-regenerative-and-competitive-bioeconomy/feedback_en?p_id=19400,444.0,30,3.0,60.0,79.0,107.0,69.0,62.0,3.0,6.0,24.0,1.0,30.0,0.0,6.756756756756757,0.6756756756756757,13.513513513513514,17.792792792792792,24.0990990990991,15.54054054054054,13.963963963963963,0.6756756756756757,1.3513513513513513,5.405405405405405,0.22522522522522523,0.0
EU pollinators initiative – revisionTopicEnvironmentType of actCommunicationFeedback period17 March 2022 - 09 June 2022,Environment,https://ec.europa.eu/info/law/better-regulation/have-your-say/initiatives/13142-EU-pollinators-initiative-revision/feedback_en?p_id=15730,7388.0,7164,64.0,9.0,41.0,11.0,15.0,48.0,0.0,25.0,8.0,3.0,3.0,0.0,96.96805630752571,0.8662696264212236,0.12181916621548457,0.5549539794260964,0.1488900920411478,0.2030319436924743,0.6497022198159177,0.0,0.3383865728207905,0.10828370330265295,0.040606388738494856,0.0
Deforestation and forest degradation – stepping up EU actionTopicEnvironmentFeedback period14 January 2019 - 25 February 2019,Environment,https://ec.europa.eu/info/law/better-regulation/have-your-say/initiatives/2027-Deforestation-and-forest-degradation-stepping-up-EU-action/feedback_en?p_id=11445,202.0,114,19.0,4.0,5.0,12.0,30.0,8.0,0.0,8.0,2.0,0.0,63.0,0.0,56.43564356435643,9.405940594059405,1.9801980198019802,2.4752475247524752,5.9405940594059405,14.85148514851485,3.9603960396039604,0.0,3.9603960396039604,0.9900990099009901,0.0,0.0
EU forests – new EU Framework for Forest Monitoring and Strategic PlansTopicEnvironmentType of actProposal for a regulationFeedback period25 August 2022 - 17 November 2022,Environment,https://ec.europa.eu/info/law/better-regulation/have-your-say/initiatives/13396-EU-forests-new-EU-Framework-for-Forest-Monitoring-and-Strategic-Plans/feedback_en?p_id=15824,117.0,35,0.0,10.0,10.0,13.0,20.0,7.0,1.0,6.0,15.0,0.0,101.0,0.0,29.914529914529915,0.0,8.547008547008547,8.547008547008547,11.11111111111111,17.094017094017094,5.982905982905983,0.8547008547008548,5.128205128205128,12.82051282051282,0.0,0.0
Deforestation and forest degradation – reducing the impact of products placed on the EU marketTopicEnvironmentType of actProposal for a regulationFeedback period03 September 2020 - 10 December 2020,Environment,https://ec.europa.eu/info/law/better-regulation/have-your-say/initiatives/12137-Deforestation-and-forest-degradation-reducing-the-impact-of-products-placed-on-the-EU-market/feedback_en?p_id=12444,99.0,21,1.0,6.0,12.0,17.0,32.0,3.0,1.0,1.0,5.0,0.0,120.0,0.0,21.21212121212121,1.0101010101010102,6.0606060606060606,12.121212121212121,17.17171717171717,32.323232323232325,3.0303030303030303,1.0101010101010102,1.0101010101010102,5.05050505050505,0.0,0.0
Trade in seal products – fitness check of EU rulesTopicEnvironmentFeedback period15 May 2024 - 07 August 2024,Environment,https://ec.europa.eu/info/law/better-regulation/have-your-say/initiatives/14031-Trade-in-seal-products-fitness-check-of-EU-rules/feedback_en?p_id=18267,14146.0,13679,183.0,13.0,29.0,18.0,45.0,140.0,0.0,19.0,17.0,3.0,0.0,0.0,96.69871341722042,1.293651915735897,0.09189876997030963,0.20500494839530609,0.12724445072812102,0.31811112682030257,0.9896790612187191,0.0,0.13431358687968328,0.12017531457655874,0.021207408454686837,0.0
Protecting biodiversity: nature restoration targets under EU biodiversity strategyTopicEnvironmentType of actProposal for a regulationFeedback period11 January 2021 - 05 April 2021,Environment,https://ec.europa.eu/info/law/better-regulation/have-your-say/initiatives/12596-Protecting-biodiversity-nature-restoration-targets-under-EU-biodiversity-strategy/feedback_en?p_id=13742,132.0,25,3.0,5.0,13.0,20.0,44.0,4.0,2.0,13.0,3.0,0.0,97.0,0.0,18.939393939393938,2.272727272727273,3.787878787878788,9.848484848484848,15.151515151515152,33.33333333333333,3.0303030303030303,1.5151515151515151,9.848484848484848,2.272727272727273,0.0,0.0
Hazardous chemicals – prohibiting production for export of chemicals banned in the European UnionTopicEnvironmentType of actProposal for a regulationFeedback period08 May 2023 - 31 July 2023,Environment,https://ec.europa.eu/info/law/better-regulation/have-your-say/initiatives/13750-Hazardous-chemicals-prohibiting-production-for-export-of-chemicals-banned-in-the-European-Union/feedback_en?p_id=16982,2668.0,2478,48.0,5.0,27.0,22.0,43.0,19.0,2.0,12.0,9.0,3.0,4.0,0.0,92.87856071964018,1.7991004497751124,0.1874062968515742,1.0119940029985006,0.8245877061469266,1.6116941529235385,0.712143928035982,0.07496251874062969,0.4497751124437781,0.3373313343328336,0.11244377811094453,0.0
Fitness Check of the Water Framework Directive and the Floods DirectiveTopicEnvironmentFeedback period17 September 2018 - 12 March 2019,Environment,https://ec.europa.eu/info/law/better-regulation/have-your-say/initiatives/1155-Fitness-Check-of-the-Water-Framework-Directive-and-the-Floods-Directive/feedback_en?p_id=10511,82.0,13,0.0,0.0,12.0,22.0,14.0,7.0,9.0,0.0,5.0,0.0,136.0,0.0,15.853658536585366,0.0,0.0,14.634146341463413,26.82926829268293,17.073170731707318,8.536585365853659,10.975609756097562,0.0,6.097560975609756,0.0,0.0
Polluter Pays Principle – fitness check of its application to the environmentTopicEnvironmentFeedback period12 May 2023 - 04 August 2023,Environment,https://ec.europa.eu/info/law/better-regulation/have-your-say/initiatives/13546-Polluter-Pays-Principle-fitness-check-of-its-application-to-the-environment/feedback_en?p_id=16429,106.0,42,1.0,1.0,8.0,25.0,21.0,2.0,0.0,4.0,2.0,0.0,114.0,0.0,39.62264150943396,0.9433962264150944,0.9433962264150944,7.547169811320755,23.58490566037736,19.81132075471698,1.8867924528301887,0.0,3.7735849056603774,1.8867924528301887,0.0,0.0
Healthy soils – new EU soil strategyTopicEnvironmentType of actCommunicationFeedback period02 February 2021 - 27 April 2021,Environment,https://ec.europa.eu/info/law/better-regulation/have-your-say/initiatives/12634-Healthy-soils-new-EU-soil-strategy/feedback_en?p_id=13756,228.0,63,0.0,35.0,30.0,27.0,20.0,16.0,2.0,13.0,22.0,0.0,56.0,0.0,27.631578947368425,0.0,15.350877192982457,13.157894736842104,11.842105263157894,8.771929824561402,7.017543859649122,0.8771929824561403,5.701754385964912,9.649122807017543,0.0,0.0
Waste from electrical and electronic equipment – evaluating the EU rulesTopicEnvironmentType of actStaff working documentFeedback period16 June 2023 - 22 September 2023,Environment,https://ec.europa.eu/info/law/better-regulation/have-your-say/initiatives/13420-Waste-from-electrical-and-electronic-equipment-evaluating-the-EU-rules/feedback_en?p_id=16329,106.0,7,0.0,1.0,37.0,29.0,9.0,9.0,0.0,7.0,7.0,0.0,115.0,0.0,6.60377358490566,0.0,0.9433962264150944,34.90566037735849,27.358490566037734,8.49056603773585,8.49056603773585,0.0,6.60377358490566,6.60377358490566,0.0,0.0
Protecting the marine environment – review of EU rulesTopicEnvironmentType of actStaff working documentFeedback period22 July 2021 - 21 October 2021,Environment,https://ec.europa.eu/info/law/better-regulation/have-your-say/initiatives/12898-Protecting-the-marine-environment-review-of-EU-rules/feedback_en?p_id=14428,104.0,67,0.0,5.0,5.0,3.0,18.0,2.0,1.0,3.0,0.0,0.0,116.0,0.0,64.42307692307693,0.0,4.807692307692308,4.807692307692308,2.8846153846153846,17.307692307692307,1.9230769230769231,0.9615384615384616,2.8846153846153846,0.0,0.0,0.0
Protecting waters from pollution caused by nitrates from agricultural sources - EvaluationTopicEnvironmentType of actEvaluationFeedback period01 December 2023 - 08 March 2024,Environment,https://ec.europa.eu/info/law/better-regulation/have-your-say/initiatives/14051-Protecting-waters-from-pollution-caused-by-nitrates-from-agricultural-sources-Evaluation/feedback_en?p_id=17659,248.0,112,0.0,8.0,47.0,31.0,14.0,17.0,3.0,6.0,8.0,2.0,48.0,0.0,45.16129032258064,0.0,3.225806451612903,18.951612903225808,12.5,5.64516129032258,6.854838709677419,1.2096774193548387,2.4193548387096775,3.225806451612903,0.8064516129032258,0.0
Microplastics pollution – measures to reduce its impact on the environmentTopicEnvironmentType of actProposal for a regulationFeedback period22 February 2022 - 17 May 2022,Environment,https://ec.europa.eu/info/law/better-regulation/have-your-say/initiatives/12823-Microplastics-pollution-measures-to-reduce-its-impact-on-the-environment/feedback_en?p_id=15312,186.0,41,6.0,14.0,29.0,35.0,33.0,10.0,1.0,7.0,9.0,1.0,73.0,0.0,22.043010752688172,3.225806451612903,7.526881720430108,15.591397849462366,18.817204301075268,17.741935483870968,5.376344086021505,0.5376344086021506,3.763440860215054,4.838709677419355,0.5376344086021506,0.0
"Soil health – protecting, sustainably managing and restoring EU soilsTopicEnvironmentType of actProposal for a directiveFeedback period01 August 2022 - 24 October 2022",Environment,https://ec.europa.eu/info/law/better-regulation/have-your-say/initiatives/13350-Soil-health-protecting-sustainably-managing-and-restoring-EU-soils/feedback_en?p_id=15636,189.0,42,2.0,11.0,33.0,37.0,35.0,15.0,1.0,5.0,8.0,0.0,71.0,0.0,22.22222222222222,1.0582010582010581,5.82010582010582,17.46031746031746,19.576719576719576,18.51851851851852,7.936507936507936,0.5291005291005291,2.6455026455026456,4.232804232804233,0.0,0.0
"Towards zero pollution in air, water and soil – EU action planTopicEnvironmentType of actCommunicationFeedback period11 November 2020 - 10 February 2021",Environment,https://ec.europa.eu/info/law/better-regulation/have-your-say/initiatives/12588-Towards-zero-pollution-in-air-water-and-soil-EU-action-plan/feedback_en?p_id=13561,111.0,8,0.0,8.0,16.0,38.0,19.0,7.0,0.0,2.0,11.0,1.0,107.0,0.0,7.207207207207207,0.0,7.207207207207207,14.414414414414415,34.234234234234236,17.117117117117118,6.306306306306306,0.0,1.8018018018018018,9.90990990990991,0.9009009009009009,0.0
EU strategy for sustainable textilesTopicEnvironmentType of actCommunicationFeedback period12 May 2021 - 04 August 2021,Environment,https://ec.europa.eu/info/law/better-regulation/have-your-say/initiatives/12822-EU-strategy-for-sustainable-textiles/feedback_en?p_id=14017,229.0,26,2.0,20.0,51.0,47.0,49.0,11.0,2.0,8.0,13.0,0.0,55.0,0.0,11.353711790393014,0.8733624454148471,8.73362445414847,22.270742358078603,20.52401746724891,21.397379912663755,4.8034934497816595,0.8733624454148471,3.4934497816593884,5.676855895196507,0.0,0.0
Reducing packaging waste – review of rulesTopicEnvironmentType of actProposal for a regulationFeedback period30 September 2020 - 06 January 2021,Environment,https://ec.europa.eu/info/law/better-regulation/have-your-say/initiatives/12263-Reducing-packaging-waste-review-of-rules/feedback_en?p_id=13178,110.0,3,0.0,0.0,25.0,55.0,12.0,3.0,1.0,4.0,4.0,2.0,109.0,0.0,2.727272727272727,0.0,0.0,22.727272727272727,50.0,10.909090909090908,2.727272727272727,0.9090909090909091,3.6363636363636362,3.6363636363636362,1.8181818181818181,0.0
Review: Restriction of the use of hazardous substances in electronicsTopicEnvironmentType of actReportFeedback period10 March 2022 - 16 June 2022,Environment,https://ec.europa.eu/info/law/better-regulation/have-your-say/initiatives/13137-Review-Restriction-of-the-use-of-hazardous-substances-in-electronics/feedback_en?p_id=15628,115.0,3,4.0,0.0,28.0,58.0,3.0,3.0,0.0,1.0,15.0,0.0,103.0,0.0,2.608695652173913,3.4782608695652173,0.0,24.347826086956523,50.43478260869565,2.608695652173913,2.608695652173913,0.0,0.8695652173913043,13.043478260869565,0.0,0.0
Environmental impact of waste management – revision of EU waste frameworkTopicEnvironmentType of actProposal for a directiveFeedback period24 May 2022 - 24 August 2022,Environment,https://ec.europa.eu/info/law/better-regulation/have-your-say/initiatives/13225-Environmental-impact-of-waste-management-revision-of-EU-waste-framework/feedback_en?p_id=15560,198.0,19,1.0,1.0,58.0,70.0,31.0,5.0,2.0,5.0,6.0,0.0,64.0,0.0,9.595959595959595,0.5050505050505051,0.5050505050505051,29.292929292929294,35.35353535353536,15.656565656565657,2.525252525252525,1.0101010101010102,2.525252525252525,3.0303030303030303,0.0,0.0
Environmental performance of products & businesses – substantiating claimsTopicEnvironmentType of actProposal for a directiveFeedback period27 August 2020 - 03 December 2020,Environment,https://ec.europa.eu/info/law/better-regulation/have-your-say/initiatives/12511-Environmental-performance-of-products-businesses-substantiating-claims/feedback_en?p_id=13326,193.0,19,2.0,9.0,45.0,76.0,17.0,10.0,2.0,2.0,8.0,3.0,68.0,0.0,9.844559585492227,1.0362694300518136,4.66321243523316,23.316062176165804,39.37823834196891,8.808290155440414,5.181347150259067,1.0362694300518136,1.0362694300518136,4.145077720207254,1.5544041450777202,0.0
"Revision of EU legislation on hazard classification, labelling and packaging of chemicalsTopicEnvironmentType of actProposal for a regulationFeedback period09 August 2021 - 15 November 2021",Environment,https://ec.europa.eu/info/law/better-regulation/have-your-say/initiatives/12975-Revision-of-EU-legislation-on-hazard-classification-labelling-and-packaging-of-chemicals/feedback_en?p_id=14533,182.0,21,0.0,8.0,30.0,77.0,21.0,6.0,3.0,2.0,13.0,1.0,74.0,0.0,11.538461538461538,0.0,4.395604395604396,16.483516483516482,42.30769230769231,11.538461538461538,3.296703296703297,1.6483516483516485,1.098901098901099,7.142857142857142,0.5494505494505495,0.0
Industrial emissions – EU rules updatedTopicEnvironmentType of actProposal for a directiveFeedback period22 December 2020 - 23 March 2021,Environment,https://ec.europa.eu/info/law/better-regulation/have-your-say/initiatives/12306-Industrial-emissions-EU-rules-updated/feedback_en?p_id=12938,155.0,2,0.0,1.0,28.0,78.0,29.0,3.0,1.0,5.0,7.0,0.0,84.0,0.0,1.2903225806451613,0.0,0.6451612903225806,18.064516129032256,50.32258064516129,18.70967741935484,1.935483870967742,0.6451612903225806,3.225806451612903,4.516129032258064,0.0,0.0
Sustainable products initiativeTopicEnvironmentType of actProposal for a regulationFeedback period17 March 2021 - 09 June 2021,Environment,https://ec.europa.eu/info/law/better-regulation/have-your-say/initiatives/12567-Sustainable-products-initiative/feedback_en?p_id=13512,193.0,7,2.0,4.0,52.0,90.0,18.0,4.0,3.0,1.0,10.0,2.0,69.0,0.0,3.6269430051813467,1.0362694300518136,2.072538860103627,26.94300518134715,46.63212435233161,9.32642487046632,2.072538860103627,1.5544041450777202,0.5181347150259068,5.181347150259067,1.0362694300518136,0.0
New product priorities for Ecodesign for Sustainable ProductsTopicEnvironmentType of actCommunicationFeedback period31 January 2023 - 12 May 2023,Environment,https://ec.europa.eu/info/law/better-regulation/have-your-say/initiatives/13682-New-product-priorities-for-Ecodesign-for-Sustainable-Products/feedback_en?p_id=16700,227.0,44,1.0,5.0,56.0,96.0,12.0,6.0,2.0,2.0,3.0,0.0,57.0,0.0,19.383259911894275,0.4405286343612335,2.2026431718061676,24.669603524229075,42.290748898678416,5.286343612334802,2.643171806167401,0.881057268722467,0.881057268722467,1.3215859030837005,0.0,0.0
Facilitating healthier food choices – establishing nutrient profilesTopicFood safetyType of actRegulationFeedback period13 December 2021 - 07 March 2022,Food safety,https://ec.europa.eu/info/law/better-regulation/have-your-say/initiatives/12748-Facilitating-healthier-food-choices-establishing-nutrient-profiles/feedback_en?p_id=14009,472.0,129,1.0,16.0,77.0,124.0,54.0,35.0,3.0,3.0,11.0,19.0,27.0,0.0,27.33050847457627,0.211864406779661,3.389830508474576,16.3135593220339,26.27118644067797,11.440677966101696,7.415254237288135,0.6355932203389831,0.6355932203389831,2.330508474576271,4.025423728813559,0.0
Food labelling - revision of rules on information provided to consumersTopicFood safetyType of actProposal for a regulationFeedback period13 December 2021 - 07 March 2022,Food safety,https://ec.europa.eu/info/law/better-regulation/have-your-say/initiatives/12749-Food-labelling-revision-of-rules-on-information-provided-to-consumers/feedback_en?p_id=14009,472.0,129,1.0,16.0,77.0,124.0,54.0,35.0,3.0,3.0,11.0,19.0,28.0,0.0,27.33050847457627,0.211864406779661,3.389830508474576,16.3135593220339,26.27118644067797,11.440677966101696,7.415254237288135,0.6355932203389831,0.6355932203389831,2.330508474576271,4.025423728813559,0.0
Animal welfare – evaluation of EU rules (fitness check)TopicFood safetyType of actStaff working documentFeedback period15 October 2021 - 21 January 2022,Food safety,https://ec.europa.eu/info/law/better-regulation/have-your-say/initiatives/12400-Animal-welfare-evaluation-of-EU-rules-fitness-check-/feedback_en?p_id=13100,172.0,56,2.0,1.0,15.0,14.0,64.0,13.0,3.0,1.0,3.0,0.0,80.0,0.0,32.55813953488372,1.1627906976744187,0.5813953488372093,8.720930232558139,8.13953488372093,37.2093023255814,7.55813953488372,1.744186046511628,0.5813953488372093,1.744186046511628,0.0,0.0
Food labelling - revision of rules on information provided to consumers for alcoholic beveragesTopicFood safetyType of actProposal for a regulationFeedback period13 December 2021 - 07 March 2022,Food safety,https://ec.europa.eu/info/law/better-regulation/have-your-say/initiatives/13028-Food-labelling-revision-of-rules-on-information-provided-to-consumers-for-alcoholic-beverages/feedback_en?p_id=14726,82.0,13,0.0,2.0,6.0,24.0,29.0,0.0,0.0,2.0,3.0,3.0,137.0,0.0,15.853658536585366,0.0,2.4390243902439024,7.317073170731707,29.268292682926827,35.36585365853659,0.0,0.0,2.4390243902439024,3.6585365853658534,3.6585365853658534,0.0
Food waste – reduction targetsTopicFood safetyType of actProposal for a directiveFeedback period24 May 2022 - 24 August 2022,Food safety,https://ec.europa.eu/info/law/better-regulation/have-your-say/initiatives/13223-Food-waste-reduction-targets/feedback_en?p_id=15125,85.0,9,0.0,1.0,11.0,27.0,18.0,5.0,1.0,3.0,6.0,4.0,133.0,0.0,10.588235294117647,0.0,1.1764705882352942,12.941176470588237,31.76470588235294,21.176470588235293,5.88235294117647,1.1764705882352942,3.5294117647058822,7.0588235294117645,4.705882352941177,0.0
Animal welfare – animals kept for economic purposesTopicFood safetyType of actProposal for a regulationFeedback period15 October 2021 - 21 January 2022,Food safety,https://ec.europa.eu/info/law/better-regulation/have-your-say/initiatives/13611-Animal-welfare-animals-kept-for-economic-purposes/feedback_en?p_id=14774,983.0,783,5.0,2.0,24.0,32.0,90.0,24.0,6.0,2.0,10.0,5.0,16.0,0.0,79.65412004069175,0.508646998982706,0.20345879959308238,2.441505595116989,3.255340793489318,9.155645981688707,2.441505595116989,0.6103763987792472,0.20345879959308238,1.017293997965412,0.508646998982706,0.0
Animal welfare – labelling for foodTopicFood safetyType of actProposal for a regulationFeedback period15 October 2021 - 21 January 2022,Food safety,https://ec.europa.eu/info/law/better-regulation/have-your-say/initiatives/13610-Animal-welfare-labelling-for-food/feedback_en?p_id=14774,983.0,783,5.0,2.0,24.0,32.0,90.0,24.0,6.0,2.0,10.0,5.0,17.0,0.0,79.65412004069175,0.508646998982706,0.20345879959308238,2.441505595116989,3.255340793489318,9.155645981688707,2.441505595116989,0.6103763987792472,0.20345879959308238,1.017293997965412,0.508646998982706,0.0
Animal welfare – protection of animals at the time of killingTopicFood safetyType of actProposal for a regulationFeedback period15 October 2021 - 21 January 2022,Food safety,https://ec.europa.eu/info/law/better-regulation/have-your-say/initiatives/13612-Animal-welfare-protection-of-animals-at-the-time-of-killing/feedback_en?p_id=14774,983.0,783,5.0,2.0,24.0,32.0,90.0,24.0,6.0,2.0,10.0,5.0,18.0,0.0,79.65412004069175,0.508646998982706,0.20345879959308238,2.441505595116989,3.255340793489318,9.155645981688707,2.441505595116989,0.6103763987792472,0.20345879959308238,1.017293997965412,0.508646998982706,0.0
Animal welfare – protection of animals during transportTopicFood safetyType of actProposal for a regulationFeedback period15 October 2021 - 21 January 2022,Food safety,https://ec.europa.eu/info/law/better-regulation/have-your-say/initiatives/13613-Animal-welfare-protection-of-animals-during-transport/feedback_en?p_id=14774,983.0,783,5.0,2.0,24.0,32.0,90.0,24.0,6.0,2.0,10.0,5.0,19.0,0.0,79.65412004069175,0.508646998982706,0.20345879959308238,2.441505595116989,3.255340793489318,9.155645981688707,2.441505595116989,0.6103763987792472,0.20345879959308238,1.017293997965412,0.508646998982706,0.0
Animal welfare – revision of EU legislationTopicFood safetyType of actProposal for a regulationFeedback period15 October 2021 - 21 January 2022,Food safety,https://ec.europa.eu/info/law/better-regulation/have-your-say/initiatives/12950-Animal-welfare-revision-of-EU-legislation/feedback_en?p_id=14774,983.0,783,5.0,2.0,24.0,32.0,90.0,24.0,6.0,2.0,10.0,5.0,20.0,0.0,79.65412004069175,0.508646998982706,0.20345879959308238,2.441505595116989,3.255340793489318,9.155645981688707,2.441505595116989,0.6103763987792472,0.20345879959308238,1.017293997965412,0.508646998982706,0.0
Pesticides – sustainable use (updated EU rules)TopicFood safetyType of actProposal for a regulationFeedback period18 January 2021 - 12 April 2021,Food safety,https://ec.europa.eu/info/law/better-regulation/have-your-say/initiatives/12413-Pesticides-sustainable-use-updated-EU-rules-/feedback_en?p_id=13120,360.0,208,0.0,5.0,24.0,62.0,33.0,17.0,2.0,5.0,2.0,2.0,35.0,0.0,57.77777777777777,0.0,1.3888888888888888,6.666666666666667,17.22222222222222,9.166666666666666,4.722222222222222,0.5555555555555556,1.3888888888888888,0.5555555555555556,0.5555555555555556,0.0
Revision of EU rules on food contact materialsTopicFood safetyType of actProposal for a regulationFeedback period05 October 2022 - 11 January 2023,Food safety,https://ec.europa.eu/info/law/better-regulation/have-your-say/initiatives/12497-Revision-of-EU-rules-on-food-contact-materials/feedback_en?p_id=13982,302.0,35,3.0,3.0,135.0,68.0,25.0,23.0,0.0,2.0,5.0,3.0,44.0,0.0,11.589403973509933,0.9933774834437087,0.9933774834437087,44.70198675496689,22.516556291390728,8.27814569536424,7.6158940397351,0.0,0.6622516556291391,1.6556291390728477,0.9933774834437087,0.0
Sustainable EU food system –new initiativeTopicFood safetyType of actProposal for a regulationFeedback period28 April 2022 - 21 July 2022,Food safety,https://ec.europa.eu/info/law/better-regulation/have-your-say/initiatives/13174-Sustainable-EU-food-system-new-initiative/feedback_en?p_id=15097,230.0,39,1.0,8.0,32.0,70.0,49.0,12.0,1.0,8.0,8.0,2.0,54.0,0.0,16.956521739130434,0.43478260869565216,3.4782608695652173,13.91304347826087,30.434782608695656,21.304347826086957,5.217391304347826,0.43478260869565216,3.4782608695652173,3.4782608695652173,0.8695652173913043,0.0
Legislation for plants produced by certain new genomic techniquesTopicFood safetyType of actProposal for a regulationFeedback period29 April 2022 - 22 July 2022,Food safety,https://ec.europa.eu/info/law/better-regulation/have-your-say/initiatives/13119-Legislation-for-plants-produced-by-certain-new-genomic-techniques/feedback_en?p_id=15091,70894.0,68183,2249.0,113.0,110.0,80.0,67.0,43.0,12.0,9.0,8.0,5.0,0.0,0.0,96.17598104211922,3.1723418060766777,0.15939289643693402,0.15516122662002427,0.11284452845092674,0.09450729257765114,0.06065393404237312,0.01692667926763901,0.012695009450729258,0.011284452845092673,0.007052783028182921,0.0
Travel – digitalising travel documents to make travelling easierTopicHome affairsType of actProposal for a regulationFeedback period05 April 2023 - 28 June 2023,Home affairs,https://ec.europa.eu/info/law/better-regulation/have-your-say/initiatives/13514-Travel-digitalising-travel-documents-to-make-travelling-easier/feedback_en?p_id=16235,360.0,330,3.0,0.0,6.0,2.0,5.0,12.0,0.0,0.0,0.0,0.0,36.0,0.0,91.66666666666666,0.8333333333333334,0.0,1.6666666666666667,0.5555555555555556,1.3888888888888888,3.3333333333333335,0.0,0.0,0.0,0.0,0.0
Recommendation on covert interference from third countriesTopicHome affairsType of actRecommendationFeedback period16 February 2023 - 14 April 2023,Home affairs,https://ec.europa.eu/info/law/better-regulation/have-your-say/initiatives/13742-Recommendation-on-covert-interference-from-third-countries/feedback_en?p_id=16754,1209.0,1102,15.0,4.0,1.0,4.0,63.0,10.0,0.0,0.0,10.0,0.0,12.0,0.0,91.14971050454922,1.240694789081886,0.3308519437551696,0.0827129859387924,0.3308519437551696,5.2109181141439205,0.8271298593879239,0.0,0.0,0.8271298593879239,0.0,0.0
Recommendation on resilient electoral processes and the 2024 elections to the European ParliamentTopicHome affairsType of actRecommendationFeedback period16 February 2023 - 14 April 2023,Home affairs,https://ec.europa.eu/info/law/better-regulation/have-your-say/initiatives/13726-Recommendation-on-resilient-electoral-processes-and-the-2024-elections-to-the-European-Parliament/feedback_en?p_id=16754,1209.0,1102,15.0,4.0,1.0,4.0,63.0,10.0,0.0,0.0,10.0,0.0,13.0,0.0,91.14971050454922,1.240694789081886,0.3308519437551696,0.0827129859387924,0.3308519437551696,5.2109181141439205,0.8271298593879239,0.0,0.0,0.8271298593879239,0.0,0.0
Transparency of covert interference by third countriesTopicHome affairsType of actProposal for a regulationFeedback period16 February 2023 - 14 April 2023,Home affairs,https://ec.europa.eu/info/law/better-regulation/have-your-say/initiatives/13744-Transparency-of-covert-interference-by-third-countries/feedback_en?p_id=16754,1209.0,1102,15.0,4.0,1.0,4.0,63.0,10.0,0.0,0.0,10.0,0.0,14.0,0.0,91.14971050454922,1.240694789081886,0.3308519437551696,0.0827129859387924,0.3308519437551696,5.2109181141439205,0.8271298593879239,0.0,0.0,0.8271298593879239,0.0,0.0
"European Democracy ShieldTopicHome affairs, Justice and fundamental rightsType of actCommunicationFeedback period31 March 2025 - 26 May 2025","Home affairs, Justice and fundamental rights",https://ec.europa.eu/info/law/better-regulation/have-your-say/initiatives/14587-European-Democracy-Shield/feedback_en?p_id=19397,1571.0,1398,9.0,14.0,10.0,14.0,94.0,22.0,2.0,3.0,4.0,1.0,7.0,0.0,88.98790579248886,0.5728835136855506,0.8911521323997454,0.6365372374283895,0.8911521323997454,5.9834500318268615,1.4003819223424572,0.1273074474856779,0.19096117122851686,0.2546148949713558,0.06365372374283895,0.0
Violence against women and domestic violence – fitness check of EU legislationTopicJustice and fundamental rightsFeedback period08 February 2021 - 10 May 2021,Justice and fundamental rights,https://ec.europa.eu/info/law/better-regulation/have-your-say/initiatives/12472-Violence-against-women-and-domestic-violence-fitness-check-of-EU-legislation/feedback_en?p_id=13263,90.0,75,1.0,1.0,1.0,0.0,8.0,3.0,0.0,0.0,1.0,0.0,127.0,0.0,83.33333333333334,1.1111111111111112,1.1111111111111112,1.1111111111111112,0.0,8.88888888888889,3.3333333333333335,0.0,0.0,1.1111111111111112,0.0,0.0
EU LGBTIQ equality strategy for 2026-2030TopicJustice and fundamental rightsType of actCommunicationFeedback period01 April 2025 - 24 June 2025,Justice and fundamental rights,https://ec.europa.eu/info/law/better-regulation/have-your-say/initiatives/14551-EU-LGBTIQ-equality-strategy-for-2026-2030/feedback_en?p_id=19405,1656.0,1494,37.0,9.0,2.0,2.0,75.0,27.0,5.0,0.0,4.0,1.0,6.0,0.0,90.21739130434783,2.2342995169082123,0.5434782608695652,0.12077294685990338,0.12077294685990338,4.528985507246377,1.6304347826086956,0.30193236714975846,0.0,0.24154589371980675,0.06038647342995169,0.0
Anti-racism StrategyTopicJustice and fundamental rightsType of actCommunicationFeedback period15 April 2025 - 08 July 2025,Justice and fundamental rights,https://ec.europa.eu/info/law/better-regulation/have-your-say/initiatives/14552-Anti-racism-Strategy/feedback_en?p_id=19524,207.0,78,7.0,4.0,0.0,2.0,81.0,17.0,3.0,0.0,8.0,1.0,61.0,0.0,37.68115942028986,3.3816425120772946,1.932367149758454,0.0,0.966183574879227,39.130434782608695,8.212560386473431,1.4492753623188406,0.0,3.864734299516908,0.4830917874396135,0.0
Cross-border family situations - recognition of parenthoodTopicJustice and fundamental rightsType of actProposal for a regulationFeedback period19 May 2021 - 25 August 2021,Justice and fundamental rights,https://ec.europa.eu/info/law/better-regulation/have-your-say/initiatives/12878-Cross-border-family-situations-recognition-of-parenthood/feedback_en?p_id=14440,760.0,705,2.0,3.0,0.0,2.0,27.0,3.0,0.0,0.0,0.0,0.0,22.0,0.0,92.76315789473685,0.2631578947368421,0.39473684210526316,0.0,0.2631578947368421,3.552631578947368,0.39473684210526316,0.0,0.0,0.0,0.0,0.0
Sustainable corporate governanceTopicJustice and fundamental rightsType of actProposal for a directiveFeedback period26 October 2020 - 08 February 2021,Justice and fundamental rights,https://ec.europa.eu/info/law/better-regulation/have-your-say/initiatives/12548-Sustainable-corporate-governance/feedback_en?p_id=13393,114.0,6,1.0,10.0,15.0,22.0,35.0,13.0,5.0,1.0,4.0,1.0,105.0,0.0,5.263157894736842,0.8771929824561403,8.771929824561402,13.157894736842104,19.298245614035086,30.701754385964914,11.403508771929824,4.385964912280701,0.8771929824561403,3.508771929824561,0.8771929824561403,0.0
Sustainable consumption of goods – promoting repair and reuseTopicJustice and fundamental rightsType of actProposal for a directiveFeedback period11 January 2022 - 05 April 2022,Justice and fundamental rights,https://ec.europa.eu/info/law/better-regulation/have-your-say/initiatives/13150-Sustainable-consumption-of-goods-promoting-repair-and-reuse/feedback_en?p_id=15491,325.0,209,4.0,3.0,42.0,29.0,21.0,5.0,2.0,3.0,6.0,1.0,39.0,0.0,64.3076923076923,1.2307692307692308,0.9230769230769231,12.923076923076923,8.923076923076923,6.461538461538462,1.5384615384615385,0.6153846153846154,0.9230769230769231,1.8461538461538463,0.3076923076923077,0.0
Defending European democracy – CommunicationTopicJustice and fundamental rightsType of actCommunicationFeedback period16 February 2023 - 14 April 2023,Justice and fundamental rights,https://ec.europa.eu/info/law/better-regulation/have-your-say/initiatives/13730-Defending-European-democracy-Communication/feedback_en?p_id=16754,1209.0,1102,15.0,4.0,1.0,4.0,63.0,10.0,0.0,0.0,10.0,0.0,10.0,0.0,91.14971050454922,1.240694789081886,0.3308519437551696,0.0827129859387924,0.3308519437551696,5.2109181141439205,0.8271298593879239,0.0,0.0,0.8271298593879239,0.0,0.0
Recommendation on civic engagementTopicJustice and fundamental rightsType of actRecommendationFeedback period16 February 2023 - 14 April 2023,Justice and fundamental rights,https://ec.europa.eu/info/law/better-regulation/have-your-say/initiatives/13748-Recommendation-on-civic-engagement/feedback_en?p_id=16754,1209.0,1102,15.0,4.0,1.0,4.0,63.0,10.0,0.0,0.0,10.0,0.0,11.0,0.0,91.14971050454922,1.240694789081886,0.3308519437551696,0.0827129859387924,0.3308519437551696,5.2109181141439205,0.8271298593879239,0.0,0.0,0.8271298593879239,0.0,0.0
Blue bioeconomy – towards a strong and sustainable EU algae sectorTopicMaritime affairs and fisheriesType of actCommunicationFeedback period19 May 2021 - 11 August 2021,Maritime affairs and fisheries,https://ec.europa.eu/info/law/better-regulation/have-your-say/initiatives/12780-Blue-bioeconomy-towards-a-strong-and-sustainable-EU-algae-sector/feedback_en?p_id=13999,82.0,9,1.0,14.0,32.0,10.0,6.0,2.0,2.0,0.0,3.0,0.0,135.0,0.0,10.975609756097562,1.2195121951219512,17.073170731707318,39.02439024390244,12.195121951219512,7.317073170731707,2.4390243902439024,2.4390243902439024,0.0,3.6585365853658534,0.0,0.0
Common fisheries policy – evaluationTopicMaritime affairs and fisheriesType of actEvaluationFeedback period27 January 2025 - 21 April 2025,Maritime affairs and fisheries,https://ec.europa.eu/info/law/better-regulation/have-your-say/initiatives/14203-Common-fisheries-policy-evaluation/feedback_en?p_id=18380,87.0,8,0.0,2.0,2.0,24.0,24.0,10.0,1.0,2.0,13.0,1.0,129.0,0.0,9.195402298850574,0.0,2.2988505747126435,2.2988505747126435,27.586206896551722,27.586206896551722,11.494252873563218,1.1494252873563218,2.2988505747126435,14.942528735632186,1.1494252873563218,0.0
"Measures to further improve the effectiveness of the fight against illegal content onlineTopicMigration and asylum, Digital economy and society, Home affairsType of actProvisional dataFeedback period30 April 2018 - 25 June 2018","Migration and asylum, Digital economy and society, Home affairs",https://ec.europa.eu/info/law/better-regulation/have-your-say/initiatives/1613-Measures-to-further-improve-the-effectiveness-of-the-fight-against-illegal-content-online/feedback_en?p_id=10774,146.0,1,1.0,0.0,15.0,111.0,13.0,2.0,0.0,0.0,2.0,0.0,90.0,0.0,0.684931506849315,0.684931506849315,0.0,10.273972602739725,76.02739726027397,8.904109589041095,1.36986301369863,0.0,0.0,1.36986301369863,0.0,0.0
Strengthened cooperation against vaccine preventable diseasesTopicPublic healthType of actProposal for a recommendationFeedback period21 December 2017 - 15 March 2018,Public health,https://ec.europa.eu/info/law/better-regulation/have-your-say/initiatives/1225-Strengthened-cooperation-against-vaccine-preventable-diseases/feedback_en?p_id=10584,368.0,300,10.0,3.0,4.0,1.0,20.0,14.0,1.0,0.0,0.0,2.0,34.0,0.0,81.52173913043478,2.717391304347826,0.8152173913043478,1.0869565217391304,0.2717391304347826,5.434782608695652,3.804347826086957,0.2717391304347826,0.0,0.0,0.5434782608695652,0.0
European Health Emergency Preparedness and Response Authority (HERA)TopicPublic healthType of actImplementing decisionFeedback period31 March 2021 - 12 May 2021,Public health,https://ec.europa.eu/info/law/better-regulation/have-your-say/initiatives/12870-European-Health-Emergency-Preparedness-and-Response-Authority-HERA-/feedback_en?p_id=14129,154.0,55,1.0,14.0,19.0,14.0,26.0,9.0,0.0,0.0,15.0,0.0,86.0,0.0,35.714285714285715,0.6493506493506493,9.090909090909092,12.337662337662337,9.090909090909092,16.883116883116884,5.844155844155844,0.0,0.0,9.740259740259742,0.0,0.0
Digital health data and services – the European health data spaceTopicPublic healthType of actProposal for a regulationFeedback period03 May 2021 - 26 July 2021,Public health,https://ec.europa.eu/info/law/better-regulation/have-your-say/initiatives/12663-Digital-health-data-and-services-the-European-health-data-space/feedback_en?p_id=14010,151.0,11,0.0,19.0,19.0,22.0,38.0,33.0,0.0,0.0,7.0,2.0,87.0,0.0,7.28476821192053,0.0,12.582781456953644,12.582781456953644,14.56953642384106,25.165562913907287,21.85430463576159,0.0,0.0,4.635761589403973,1.3245033112582782,0.0
Medicines for children & rare diseases – updated rulesTopicPublic healthType of actProposal for a regulationFeedback period07 May 2021 - 30 July 2021,Public health,https://ec.europa.eu/info/law/better-regulation/have-your-say/initiatives/12767-Medicines-for-children-rare-diseases-updated-rules/feedback_en?p_id=13850,112.0,7,0.0,5.0,30.0,24.0,29.0,9.0,0.0,0.0,8.0,0.0,106.0,0.0,6.25,0.0,4.464285714285714,26.785714285714285,21.428571428571427,25.892857142857146,8.035714285714286,0.0,0.0,7.142857142857142,0.0,0.0
Europe’s Beating Cancer PlanTopicPublic healthType of actCommunicationFeedback period04 February 2020 - 21 May 2020,Public health,https://ec.europa.eu/info/law/better-regulation/have-your-say/initiatives/12154-Europes-Beating-Cancer-Plan/feedback_en?p_id=12436,384.0,87,8.0,41.0,44.0,27.0,123.0,36.0,5.0,1.0,8.0,4.0,32.0,0.0,22.65625,2.083333333333333,10.677083333333332,11.458333333333332,7.03125,32.03125,9.375,1.3020833333333335,0.26041666666666663,2.083333333333333,1.0416666666666665,0.0
Revision of the EU general pharmaceuticals legislationTopicPublic healthType of actProposal for a regulationFeedback period28 September 2021 - 21 December 2021,Public health,https://ec.europa.eu/info/law/better-regulation/have-your-say/initiatives/12963-Revision-of-the-EU-general-pharmaceuticals-legislation/feedback_en?p_id=14390,173.0,9,1.0,5.0,45.0,39.0,44.0,16.0,2.0,1.0,10.0,1.0,78.0,0.0,5.202312138728324,0.5780346820809248,2.8901734104046244,26.011560693641616,22.54335260115607,25.43352601156069,9.248554913294797,1.1560693641618496,0.5780346820809248,5.780346820809249,0.5780346820809248,0.0
Global health – new EU strategyTopicPublic healthType of actCommunicationFeedback period27 June 2022 - 19 September 2022,Public health,https://ec.europa.eu/info/law/better-regulation/have-your-say/initiatives/13506-Global-health-new-EU-strategy/feedback_en?p_id=16040,176.0,124,3.0,2.0,2.0,4.0,31.0,9.0,0.0,1.0,0.0,0.0,77.0,0.0,70.45454545454545,1.7045454545454544,1.1363636363636365,1.1363636363636365,2.272727272727273,17.613636363636363,5.113636363636364,0.0,0.5681818181818182,0.0,0.0,0.0
Pharmaceuticals – safe and affordable medicines (new EU strategy)TopicPublic healthType of actCommunicationFeedback period16 June 2020 - 15 September 2020,Public health,https://ec.europa.eu/info/law/better-regulation/have-your-say/initiatives/12421-Pharmaceuticals-safe-and-affordable-medicines-new-EU-strategy-/feedback_en?p_id=13130,242.0,18,1.0,17.0,52.0,46.0,62.0,24.0,1.0,0.0,17.0,2.0,52.0,0.0,7.43801652892562,0.4132231404958678,7.024793388429752,21.487603305785125,19.00826446280992,25.6198347107438,9.917355371900827,0.4132231404958678,0.0,7.024793388429752,0.8264462809917356,0.0
EU rules on medical devices and in vitro diagnostics – targeted evaluationTopicPublic healthType of actEvaluationFeedback period12 December 2024 - 21 March 2025,Public health,https://ec.europa.eu/info/law/better-regulation/have-your-say/initiatives/14155-EU-rules-on-medical-devices-and-in-vitro-diagnostics-targeted-evaluation/feedback_en?p_id=18928,584.0,119,18.0,61.0,212.0,46.0,27.0,73.0,3.0,0.0,14.0,5.0,24.0,4.0,20.376712328767123,3.0821917808219177,10.445205479452055,36.3013698630137,7.876712328767123,4.623287671232877,12.5,0.5136986301369862,0.0,2.3972602739726026,0.8561643835616438,0.684931506849315
"Blood, tissues and cells for medical treatments & therapies – revised EU rulesTopicPublic healthType of actProposal for a regulationFeedback period21 January 2021 - 15 April 2021",Public health,https://ec.europa.eu/info/law/better-regulation/have-your-say/initiatives/12734-Blood-tissues-and-cells-for-medical-treatments-therapies-revised-EU-rules/feedback_en?p_id=13782,82.0,3,0.0,9.0,10.0,8.0,24.0,9.0,0.0,0.0,18.0,0.0,134.0,0.0,3.6585365853658534,0.0,10.975609756097562,12.195121951219512,9.75609756097561,29.268292682926827,10.975609756097562,0.0,0.0,21.951219512195124,0.0,0.0
Evaluation of the legislative framework for tobacco controlTopicPublic healthType of actEvaluationFeedback period21 February 2023 - 16 May 2023,Public health,https://ec.europa.eu/info/law/better-regulation/have-your-say/initiatives/13481-Evaluation-of-the-legislative-framework-for-tobacco-control/feedback_en?p_id=15956,24359.0,22742,362.0,42.0,731.0,95.0,66.0,239.0,12.0,1.0,22.0,47.0,0.0,0.0,93.36179646126689,1.4861036988382117,0.1724208711359251,3.000944209532411,0.38999958947411634,0.2709470832135966,0.9811568619401454,0.04926310603883575,0.004105258836569646,0.0903156944045322,0.19294716531877334,0.0
Intellectual property – new framework for standard-essential patentsTopicSingle marketType of actProposal for a regulationFeedback period14 February 2022 - 09 May 2022,Single market,https://ec.europa.eu/info/law/better-regulation/have-your-say/initiatives/13109-Intellectual-property-new-framework-for-standard-essential-patents/feedback_en?p_id=15629,157.0,38,4.0,9.0,19.0,11.0,6.0,7.0,1.0,0.0,1.0,0.0,81.0,0.0,24.203821656050955,2.547770700636943,5.7324840764331215,12.101910828025478,7.006369426751593,3.821656050955414,4.45859872611465,0.6369426751592357,0.0,0.6369426751592357,0.0,0.0
Safeguarding media freedom in the EU – new rulesTopicSingle marketType of actProposal for a regulationFeedback period10 January 2022 - 25 March 2022,Single market,https://ec.europa.eu/info/law/better-regulation/have-your-say/initiatives/13206-Safeguarding-media-freedom-in-the-EU-new-rules/feedback_en?p_id=15456,1470.0,1386,13.0,5.0,8.0,12.0,20.0,17.0,4.0,0.0,4.0,1.0,8.0,0.0,94.28571428571428,0.8843537414965987,0.3401360544217687,0.5442176870748299,0.8163265306122449,1.3605442176870748,1.1564625850340136,0.27210884353741494,0.0,0.27210884353741494,0.06802721088435373,0.0
Tourist services – short-term rental initiativeTopicSingle marketType of actProposal for a regulationFeedback period27 September 2021 - 13 December 2021,Single market,https://ec.europa.eu/info/law/better-regulation/have-your-say/initiatives/13108-Tourist-services-short-term-rental-initiative/feedback_en?p_id=15058,71.0,39,0.0,0.0,7.0,14.0,4.0,2.0,2.0,0.0,1.0,1.0,152.0,0.0,54.929577464788736,0.0,0.0,9.859154929577464,19.718309859154928,5.633802816901409,2.8169014084507045,2.8169014084507045,0.0,1.4084507042253522,1.4084507042253522,0.0
Public procurement directives – evaluationTopicSingle marketType of actEvaluationFeedback period13 December 2024 - 07 March 2025,Single market,https://ec.europa.eu/info/law/better-regulation/have-your-say/initiatives/14427-Public-procurement-directives-evaluation/feedback_en?p_id=18932,949.0,168,4.0,29.0,156.0,160.0,120.0,96.0,16.0,2.0,196.0,2.0,21.0,0.0,17.702845100105375,0.42149631190727077,3.0558482613277134,16.43835616438356,16.859852476290833,12.644889357218126,10.1159114857745,1.685985247629083,0.21074815595363539,20.65331928345627,0.21074815595363539,0.0
"Access to vehicle data, functions and resourcesTopicSingle marketType of actProposal for a regulationFeedback period29 March 2022 - 02 August 2022",Single market,https://ec.europa.eu/info/law/better-regulation/have-your-say/initiatives/13180-Access-to-vehicle-data-functions-and-resources/feedback_en?p_id=15781,154.0,86,0.0,1.0,26.0,17.0,8.0,7.0,2.0,0.0,4.0,3.0,85.0,0.0,55.84415584415584,0.0,0.6493506493506493,16.883116883116884,11.03896103896104,5.194805194805195,4.545454545454546,1.2987012987012987,0.0,2.5974025974025974,1.948051948051948,0.0
Machinery Directive - revisionTopicSingle marketType of actProposal for a regulationFeedback period07 June 2019 - 30 August 2019,Single market,https://ec.europa.eu/info/law/better-regulation/have-your-say/initiatives/2019-Machinery-Directive-revision/feedback_en?p_id=11498,115.0,16,0.0,1.0,48.0,24.0,7.0,5.0,2.0,0.0,8.0,3.0,102.0,0.0,13.91304347826087,0.0,0.8695652173913043,41.73913043478261,20.869565217391305,6.086956521739131,4.3478260869565215,1.7391304347826086,0.0,6.956521739130435,2.608695652173913,0.0
EU chemicals strategy for sustainability – Cosmetic Products Regulation (revision)TopicSingle marketType of actProposal for a regulationFeedback period29 March 2022 - 21 June 2022,Single market,https://ec.europa.eu/info/law/better-regulation/have-your-say/initiatives/13197-EU-chemicals-strategy-for-sustainability-Cosmetic-Products-Regulation-revision-/feedback_en?p_id=15131,98.0,6,0.0,0.0,34.0,28.0,18.0,3.0,1.0,0.0,6.0,2.0,121.0,0.0,6.122448979591836,0.0,0.0,34.69387755102041,28.57142857142857,18.367346938775512,3.061224489795918,1.0204081632653061,0.0,6.122448979591836,2.0408163265306123,0.0
Textile labelling rules (revision)TopicSingle marketType of actProposal for a regulationFeedback period19 December 2023 - 15 April 2024,Single market,https://ec.europa.eu/info/law/better-regulation/have-your-say/initiatives/13872-Textile-labelling-rules-revision-/feedback_en?p_id=17324,108.0,7,0.0,1.0,28.0,33.0,26.0,5.0,0.0,2.0,6.0,0.0,112.0,0.0,6.481481481481481,0.0,0.9259259259259258,25.925925925925924,30.555555555555557,24.074074074074073,4.62962962962963,0.0,1.8518518518518516,5.555555555555555,0.0,0.0
European standardisation – evaluationTopicSingle marketType of actStaff working documentFeedback period02 May 2024 - 25 July 2024,Single market,https://ec.europa.eu/info/law/better-regulation/have-your-say/initiatives/13446-European-standardisation-evaluation/feedback_en?p_id=17385,90.0,10,0.0,2.0,10.0,34.0,12.0,11.0,1.0,1.0,7.0,2.0,126.0,0.0,11.11111111111111,0.0,2.2222222222222223,11.11111111111111,37.77777777777778,13.333333333333334,12.222222222222221,1.1111111111111112,1.1111111111111112,7.777777777777778,2.2222222222222223,0.0
Cosmetic Products Regulation – evaluationTopicSingle marketType of actEvaluationFeedback period05 May 2025 - 28 July 2025,Single market,https://ec.europa.eu/info/law/better-regulation/have-your-say/initiatives/14433-Cosmetic-Products-Regulation-evaluation/feedback_en?p_id=19201,155.0,30,5.0,3.0,40.0,36.0,12.0,9.0,2.0,1.0,13.0,4.0,83.0,0.0,19.35483870967742,3.225806451612903,1.935483870967742,25.806451612903224,23.225806451612904,7.741935483870968,5.806451612903226,1.2903225806451613,0.6451612903225806,8.38709677419355,2.5806451612903225,0.0
Late payments – update of EU rulesTopicSingle marketType of actProposal for a regulationFeedback period20 January 2023 - 17 March 2023,Single market,https://ec.europa.eu/info/law/better-regulation/have-your-say/initiatives/13665-Late-payments-update-of-EU-rules/feedback_en?p_id=16617,137.0,24,1.0,0.0,28.0,42.0,5.0,8.0,3.0,0.0,26.0,0.0,94.0,0.0,17.51824817518248,0.7299270072992701,0.0,20.437956204379564,30.656934306569344,3.64963503649635,5.839416058394161,2.18978102189781,0.0,18.97810218978102,0.0,0.0
Digital product passport – rules for service providersTopicSingle marketType of actDelegated decisionFeedback period08 April 2025 - 01 July 2025,Single market,https://ec.europa.eu/info/law/better-regulation/have-your-say/initiatives/14382-Digital-product-passport-rules-for-service-providers/feedback_en?p_id=18839,178.0,10,3.0,10.0,86.0,46.0,9.0,7.0,2.0,1.0,3.0,1.0,76.0,0.0,5.617977528089887,1.6853932584269662,5.617977528089887,48.31460674157304,25.842696629213485,5.056179775280898,3.932584269662921,1.1235955056179776,0.5617977528089888,1.6853932584269662,0.5617977528089888,0.0
European Critical Raw Materials ActTopicSingle marketType of actProposal for a regulationFeedback period30 September 2022 - 25 November 2022,Single market,https://ec.europa.eu/info/law/better-regulation/have-your-say/initiatives/13597-European-Critical-Raw-Materials-Act/feedback_en?p_id=16313,310.0,54,2.0,21.0,66.0,78.0,49.0,18.0,3.0,5.0,12.0,0.0,43.0,0.0,17.419354838709676,0.6451612903225806,6.774193548387098,21.29032258064516,25.161290322580644,15.806451612903224,5.806451612903226,0.967741935483871,1.6129032258064515,3.870967741935484,0.0,0.0
Upload of software on radio equipmentTopicSingle marketType of actDelegated regulationFeedback period25 May 2020 - 14 September 2020,Single market,https://ec.europa.eu/info/law/better-regulation/have-your-say/initiatives/2042-Upload-of-software-on-radio-equipment/feedback_en?p_id=11538,276.0,226,12.0,3.0,15.0,8.0,6.0,2.0,0.0,0.0,3.0,1.0,46.0,0.0,81.88405797101449,4.3478260869565215,1.0869565217391304,5.434782608695652,2.898550724637681,2.1739130434782608,0.7246376811594203,0.0,0.0,1.0869565217391304,0.36231884057971014,0.0
VAT in the digital ageTopicTaxationType of actProposal for a directiveFeedback period20 January 2022 - 05 May 2022,Taxation,https://ec.europa.eu/info/law/better-regulation/have-your-say/initiatives/13186-VAT-in-the-digital-age/feedback_en?p_id=15535,322.0,277,4.0,1.0,15.0,14.0,1.0,7.0,0.0,0.0,2.0,1.0,40.0,0.0,86.0248447204969,1.2422360248447204,0.3105590062111801,4.658385093167702,4.3478260869565215,0.3105590062111801,2.1739130434782608,0.0,0.0,0.6211180124223602,0.3105590062111801,0.0
Vehicle safety – revising the EU’s roadworthiness packageTopicTransportType of actProposal for a directiveFeedback period06 July 2022 - 28 September 2022,Transport,https://ec.europa.eu/info/law/better-regulation/have-your-say/initiatives/13132-Vehicle-safety-revising-the-EUs-roadworthiness-package/feedback_en?p_id=15132,217.0,171,3.0,1.0,7.0,10.0,6.0,9.0,0.0,0.0,2.0,4.0,60.0,0.0,78.80184331797236,1.3824884792626728,0.4608294930875576,3.225806451612903,4.6082949308755765,2.7649769585253456,4.147465437788019,0.0,0.0,0.9216589861751152,1.8433179723502304,0.0
Bus and coach drivers – EU rules on driving and rest timesTopicTransportType of actProposal for a regulationFeedback period23 November 2021 - 15 February 2022,Transport,https://ec.europa.eu/info/law/better-regulation/have-your-say/initiatives/12488-Bus-and-coach-drivers-EU-rules-on-driving-and-rest-times/feedback_en?p_id=14106,87.0,40,1.0,0.0,9.0,11.0,0.0,4.0,21.0,0.0,1.0,0.0,128.0,0.0,45.97701149425287,1.1494252873563218,0.0,10.344827586206897,12.643678160919542,0.0,4.597701149425287,24.137931034482758,0.0,1.1494252873563218,0.0,0.0
Trans-European transport network (TEN-T) - revised guidelinesTopicTransportType of actProposal for a regulationFeedback period10 February 2021 - 05 May 2021,Transport,https://ec.europa.eu/info/law/better-regulation/have-your-say/initiatives/12532-Trans-European-transport-network-TEN-T-revised-guidelines/feedback_en?p_id=13839,74.0,2,0.0,0.0,13.0,14.0,15.0,6.0,0.0,5.0,18.0,1.0,150.0,0.0,2.7027027027027026,0.0,0.0,17.56756756756757,18.91891891891892,20.27027027027027,8.108108108108109,0.0,6.756756756756757,24.324324324324326,1.3513513513513513,0.0
Sustainable transport – new urban mobility frameworkTopicTransportType of actCommunicationFeedback period01 July 2021 - 23 September 2021,Transport,https://ec.europa.eu/info/law/better-regulation/have-your-say/initiatives/12916-Sustainable-transport-new-urban-mobility-framework/feedback_en?p_id=14492,103.0,15,1.0,5.0,24.0,17.0,17.0,7.0,3.0,1.0,8.0,5.0,118.0,0.0,14.563106796116504,0.9708737864077669,4.854368932038835,23.300970873786408,16.50485436893204,16.50485436893204,6.796116504854369,2.912621359223301,0.9708737864077669,7.766990291262135,4.854368932038835,0.0
Revision of the Directive on Driving LicencesTopicTransportType of actProposal for a directiveFeedback period25 February 2022 - 20 May 2022,Transport,https://ec.europa.eu/info/law/better-regulation/have-your-say/initiatives/12978-Revision-of-the-Directive-on-Driving-Licences/feedback_en?p_id=14480,2211.0,2071,36.0,2.0,26.0,18.0,13.0,27.0,3.0,0.0,5.0,10.0,5.0,0.0,93.66802351876979,1.6282225237449117,0.09045680687471733,1.1759384893713252,0.8141112618724559,0.5879692446856626,1.2211668928086838,0.13568521031207598,0.0,0.22614201718679333,0.45228403437358666,0.0
CO2 emissions from shipping – encouraging the use of low-carbon fuelsTopicTransportType of actProposal for a regulationFeedback period02 July 2020 - 10 September 2020,Transport,https://ec.europa.eu/info/law/better-regulation/have-your-say/initiatives/12312-CO2-emissions-from-shipping-encouraging-the-use-of-low-carbon-fuels/feedback_en?p_id=12951,81.0,6,0.0,3.0,24.0,31.0,9.0,2.0,0.0,1.0,5.0,0.0,138.0,0.0,7.4074074074074066,0.0,3.7037037037037033,29.629629629629626,38.2716049382716,11.11111111111111,2.4691358024691357,0.0,1.2345679012345678,6.172839506172839,0.0,0.0
Low-emission vehicles – improving the EU’s refuelling/recharging infrastructureTopicTransportType of actProposal for a regulationFeedback period06 April 2020 - 29 June 2020,Transport,https://ec.europa.eu/info/law/better-regulation/have-your-say/initiatives/12251-Low-emission-vehicles-improving-the-EUs-refuelling-recharging-infrastructure/feedback_en?p_id=12982,86.0,10,0.0,1.0,24.0,35.0,7.0,2.0,0.0,1.0,3.0,3.0,130.0,0.0,11.627906976744185,0.0,1.1627906976744187,27.906976744186046,40.69767441860465,8.13953488372093,2.3255813953488373,0.0,1.1627906976744187,3.488372093023256,3.488372093023256,0.0
Connecting Europe Facility 2014-2020 – evaluationTopicTransportType of actReportFeedback period05 March 2025 - 28 May 2025,Transport,https://ec.europa.eu/info/law/better-regulation/have-your-say/initiatives/14245-Connecting-Europe-Facility-2014-2020-evaluation/feedback_en?p_id=18618,147.0,4,1.0,2.0,28.0,5.0,3.0,6.0,0.0,0.0,98.0,0.0,89.0,0.0,2.7210884353741496,0.6802721088435374,1.3605442176870748,19.047619047619047,3.4013605442176873,2.0408163265306123,4.081632653061225,0.0,0.0,66.66666666666666,0.0,0.0
Sustainable and Smart Mobility StrategyTopicTransportType of actCommunicationFeedback period01 July 2020 - 23 September 2020,Transport,https://ec.europa.eu/info/law/better-regulation/have-your-say/initiatives/12438-Sustainable-and-Smart-Mobility-Strategy/feedback_en?p_id=13249,246.0,35,1.0,5.0,72.0,69.0,24.0,13.0,3.0,4.0,17.0,3.0,50.0,0.0,14.227642276422763,0.40650406504065045,2.0325203252032518,29.268292682926827,28.04878048780488,9.75609756097561,5.284552845528456,1.2195121951219512,1.6260162601626018,6.910569105691057,1.2195121951219512,0.0
Commercial vehicles – weights and dimensions (evaluation)TopicTransportType of actProposal for a directiveFeedback period26 April 2022 - 19 July 2022,Transport,https://ec.europa.eu/info/law/better-regulation/have-your-say/initiatives/13278-Commercial-vehicles-weights-and-dimensions-evaluation-/feedback_en?p_id=15545,224.0,28,1.0,2.0,88.0,84.0,5.0,4.0,3.0,0.0,7.0,2.0,58.0,0.0,12.5,0.4464285714285714,0.8928571428571428,39.285714285714285,37.5,2.232142857142857,1.7857142857142856,1.3392857142857142,0.0,3.125,0.8928571428571428,0.0
